Date,Morning_pana,Morning_number,Evening_number,Evening_pana,Morning_Panna,Evening_Panna
2013-05-06,235,0,1,245,,
2013-05-07,347,4,0,190,,
2013-05-08,157,3,6,790,,
2013-05-09,479,0,8,134,,
2013-05-10,358,6,4,167,,
2013-05-11,239,4,0,578,,
2013-05-13,158,4,6,240,,
2013-05-14,560,1,7,179,,
2013-05-15,290,1,2,110,,
2013-05-16,189,9,1,128,,
2013-05-17,130,4,8,468,,
2013-05-18,289,9,2,129,,
2013-05-20,790,6,0,479,,
2013-05-21,899,6,4,239,,
2013-05-22,115,7,6,150,,
2013-05-23,149,4,8,567,,
2013-05-24,370,0,4,347,,
2013-05-25,590,4,2,156,,
2013-05-27,178,6,4,446,,
2013-05-28,168,5,7,269,,
2013-05-29,457,6,0,127,,
2013-05-30,800,8,3,139,,
2013-05-31,448,6,2,156,,
2013-06-01,145,0,0,488,,
2013-06-03,570,2,6,367,,
2013-06-04,126,9,0,118,,
2013-06-05,778,2,5,357,,
2013-06-06,579,1,1,100,,
2013-06-07,*,7,2,*,,
2013-06-08,677,0,0,370,,
2013-06-10,680,4,3,256,,
2013-06-11,299,0,4,248,,
2013-06-12,277,6,7,188,,
2013-06-13,236,1,2,129,,
2013-06-14,480,2,9,180,,
2013-06-15,178,6,8,224,,
2013-06-17,570,2,4,158,,
2013-06-18,460,0,6,367,,
2013-06-19,790,6,9,559,,
2013-06-20,450,9,7,179,,
2013-06-21,288,8,5,122,,
2013-06-22,157,3,2,147,,
2013-06-24,180,9,4,590,,
2013-06-25,128,1,1,560,,
2013-06-26,148,3,4,680,,
2013-06-27,880,6,3,788,,
2013-06-28,356,4,4,149,,
2013-06-29,488,0,6,358,,
2013-07-01,159,5,7,124,,
2013-07-02,224,8,8,459,,
2013-07-03,149,4,0,190,,
2013-07-04,788,3,1,470,,
2013-07-05,790,6,1,290,,
2013-07-06,238,3,2,688,,
2013-07-08,680,4,5,159,,
2013-07-09,233,8,5,690,,
2013-07-10,239,4,1,146,,
2013-07-11,144,9,6,268,,
2013-07-12,450,9,9,126,,
2013-07-13,190,0,8,233,,
2013-07-15,567,8,2,156,,
2013-07-16,455,4,1,290,,
2013-07-17,137,1,2,660,,
2013-07-18,388,9,8,116,,
2013-07-19,468,8,7,160,,
2013-07-20,347,4,2,246,,
2013-07-22,880,6,8,459,,
2013-07-23,568,9,0,190,,
2013-07-24,359,7,9,577,,
2013-07-25,189,8,2,129,,
2013-07-26,146,1,9,388,,
2013-07-27,269,7,1,489,,
2013-07-29,137,1,4,112,,
2013-07-30,223,7,2,345,,
2013-07-31,789,4,3,139,,
2013-08-01,390,2,2,778,,
2013-08-02,366,5,8,260,,
2013-08-03,490,9,4,590,,
2013-08-05,246,2,6,169,,
2013-08-06,457,6,2,589,,
2013-08-07,190,0,5,889,,
2013-08-08,160,7,3,788,,
2013-08-09,*,*,*,*,,
2013-08-10,*,*,*,*,,
2013-08-12,116,8,6,367,,
2013-08-13,278,7,6,240,,
2013-08-14,340,7,4,699,,
2013-08-15,*,*,*,*,,
2013-08-16,360,9,1,669,,
2013-08-17,568,9,5,456,,
2013-08-19,169,6,5,267,,
2013-08-20,990,8,8,369,,
2013-08-21,250,7,6,240,,
2013-08-22,280,0,0,235,,
2013-08-23,388,9,4,158,,
2013-08-24,237,2,1,470,,
2013-08-26,245,1,0,677,,
2013-08-27,260,8,0,668,,
2013-08-28,159,5,2,156,,
2013-08-29,112,4,1,137,,
2013-08-30,119,1,7,467,,
2013-08-31,680,4,4,167,,
2013-09-02,240,6,0,190,,
2013-09-03,158,4,9,199,,
2013-09-04,268,6,1,678,,
2013-09-05,477,8,7,188,,
2013-09-06,246,2,4,446,,
2013-09-07,480,2,2,589,,
2013-09-09,*,*,*,*,,
2013-09-10,138,2,7,160,,
2013-09-11,488,0,2,345,,
2013-09-12,560,1,3,779,,
2013-09-13,129,2,9,234,,
2013-09-14,470,1,3,445,,
2013-09-16,128,1,1,119,,
2013-09-17,569,0,4,167,,
2013-09-18,779,3,6,259,,
2013-09-19,490,3,2,778,,
2013-09-20,557,7,8,134,,
2013-09-21,578,0,2,138,,
2013-09-23,359,7,9,126,,
2013-09-24,159,5,7,467,,
2013-09-25,167,4,9,478,,
2013-09-26,122,5,0,145,,
2013-09-27,146,1,9,180,,
2013-09-28,246,2,6,150,,
2013-09-30,256,3,6,899,,
2013-10-01,688,2,9,270,,
2013-10-02,125,8,5,357,,
2013-10-03,599,3,7,368,,
2013-10-04,568,9,2,156,,
2013-10-05,689,3,9,469,,
2013-10-07,189,8,1,155,,
2013-10-08,157,3,2,679,,
2013-10-09,345,2,1,137,,
2013-10-10,123,6,9,270,,
2013-10-11,490,3,9,234,,
2013-10-12,177,5,7,340,,
2013-10-14,369,8,8,378,,
2013-10-15,138,2,3,689,,
2013-10-16,136,0,5,159,,
2013-10-17,679,2,2,156,,
2013-10-18,129,2,6,349,,
2013-10-19,279,8,4,455,,
2013-10-21,788,3,9,356,,
2013-10-22,670,3,7,368,,
2013-10-23,890,7,1,399,,
2013-10-24,150,6,3,256,,
2013-10-25,178,6,1,678,,
2013-10-26,236,1,4,112,,
2013-10-28,660,2,0,569,,
2013-10-29,559,9,5,348,,
2013-10-30,580,3,9,568,,
2013-10-31,126,9,1,380,,
2013-11-01,*,*,*,*,,
2013-11-02,*,*,*,*,,
2013-11-11,890,7,2,390,,
2013-11-12,290,1,2,138,,
2013-11-13,880,6,3,256,,
2013-11-14,156,2,1,128,,
2013-11-15,139,3,7,160,,
2013-11-16,246,2,4,455,,
2013-11-18,600,6,5,357,,
2013-11-19,140,5,1,290,,
2013-11-20,126,9,3,238,,
2013-11-21,689,3,8,125,,
2013-11-22,128,1,9,360,,
2013-11-23,230,5,9,180,,
2013-11-25,266,4,7,188,,
2013-11-26,178,6,7,890,,
2013-11-27,778,2,0,190,,
2013-11-28,145,0,9,234,,
2013-11-29,169,6,1,137,,
2013-11-30,256,3,8,189,,
2013-12-02,700,7,8,468,,
2013-12-03,177,5,4,149,,
2013-12-04,230,5,1,560,,
2013-12-05,380,1,7,124,,
2013-12-06,600,6,0,127,,
2013-12-07,269,7,5,168,,
2013-12-09,479,0,6,259,,
2013-12-10,789,4,4,220,,
2013-12-11,890,7,5,168,,
2013-12-12,260,8,8,189,,
2013-12-13,690,5,1,146,,
2013-12-14,346,3,8,279,,
2013-12-16,130,0,3,300,,
2013-12-17,460,0,6,240,,
2013-12-18,134,8,4,770,,
2013-12-19,568,9,8,369,,
2013-12-20,470,1,9,559,,
2013-12-21,478,9,5,267,,
2013-12-23,223,7,0,136,,
2013-12-24,189,8,9,900,,
2013-12-25,247,3,8,378,,
2013-12-26,588,1,9,234,,
2013-12-27,489,1,3,139,,
2013-12-28,699,4,7,359,,
2013-12-30,122,5,3,689,,
2013-12-31,778,2,2,345,,
2014-01-01,190,0,8,468,,
2014-01-02,349,6,4,699,,
2014-01-03,189,8,5,357,,
2014-01-04,149,4,7,278,,
2014-01-06,670,3,1,146,,
2014-01-07,589,2,1,227,,
2014-01-08,699,4,8,279,,
2014-01-09,113,5,8,134,,
2014-01-10,479,0,9,379,,
2014-01-11,567,8,2,110,,
2014-01-13,489,1,8,170,,
2014-01-14,*,*,*,*,,
2014-01-15,446,4,6,790,,
2014-01-16,680,4,9,126,,
2014-01-17,124,7,6,169,,
2014-01-18,390,2,7,179,,
2014-01-20,337,3,0,578,,
2014-01-21,149,4,9,180,,
2014-01-22,112,4,2,147,,
2014-01-23,578,0,2,679,,
2014-01-24,478,9,0,190,,
2014-01-25,157,3,6,448,,
2014-01-27,460,0,7,267,,
2014-01-28,228,2,8,350,,
2014-01-29,170,8,3,139,,
2014-01-30,237,2,0,578,,
2014-01-31,599,3,2,390,,
2014-02-01,890,7,0,299,,
2014-02-03,125,8,9,667,,
2014-02-04,570,2,9,379,,
2014-02-05,270,9,6,178,,
2014-02-06,247,3,4,149,,
2014-02-07,560,1,4,257,,
2014-02-08,367,6,1,236,,
2014-02-10,246,2,6,358,,
2014-02-11,699,4,3,689,,
2014-02-12,380,1,0,244,,
2014-02-13,248,4,1,128,,
2014-02-14,336,2,9,469,,
2014-02-15,245,1,3,247,,
2014-02-17,680,4,6,600,,
2014-02-18,360,9,8,279,,
2014-02-19,229,3,9,234,,
2014-02-20,568,9,3,157,,
2014-02-21,168,5,1,560,,
2014-02-22,469,9,7,115,,
2014-02-24,590,4,7,458,,
2014-02-25,558,8,9,379,,
2014-02-26,119,1,6,178,,
2014-02-27,289,9,0,488,,
2014-02-28,267,5,3,120,,
2014-03-01,234,9,3,689,,
2014-03-03,349,6,9,180,,
2014-03-04,138,2,5,168,,
2014-03-05,346,3,9,568,,
2014-03-06,116,8,2,679,,
2014-03-07,246,2,7,188,,
2014-03-08,457,6,0,668,,
2014-03-10,236,1,6,178,,
2014-03-11,146,1,9,270,,
2014-03-12,449,7,6,178,,
2014-03-13,790,6,8,459,,
2014-03-14,110,2,6,169,,
2014-03-15,489,1,4,446,,
2014-03-17,*,*,*,*,,
2014-03-18,490,3,9,469,,
2014-03-19,256,3,1,146,,
2014-03-20,189,8,6,169,,
2014-03-21,236,1,1,380,,
2014-03-22,125,8,4,158,,
2014-03-24,*,*,*,*,,
2014-03-25,889,5,3,148,,
2014-03-26,157,3,0,578,,
2014-03-27,248,4,3,670,,
2014-03-28,369,8,8,468,,
2014-03-29,799,5,2,156,,
2014-03-31,560,1,6,448,,
2014-04-01,230,5,9,180,,
2014-04-02,379,9,5,168,,
2014-04-03,129,2,9,270,,
2014-04-04,226,0,7,124,,
2014-04-05,246,2,9,289,,
2014-04-07,167,4,3,247,,
2014-04-08,488,0,2,138,,
2014-04-09,170,8,0,190,,
2014-04-10,237,2,3,148,,
2014-04-11,468,8,8,125,,
2014-04-12,556,6,5,780,,
2014-04-14,577,9,2,480,,
2014-04-15,280,0,0,389,,
2014-04-16,149,4,6,448,,
2014-04-17,789,4,7,458,,
2014-04-18,290,1,4,158,,
2014-04-19,278,7,5,267,,
2014-04-21,234,9,7,458,,
2014-04-22,680,4,1,146,,
2014-04-23,138,2,6,123,,
2014-04-24,127,0,3,229,,
2014-04-25,559,9,8,567,,
2014-04-26,380,1,9,568,,
2014-04-28,177,5,6,178,,
2014-04-29,568,9,7,124,,
2014-04-30,680,4,0,118,,
2014-05-01,146,1,9,270,,
2014-05-02,278,7,3,445,,
2014-05-03,260,8,7,368,,
2014-05-05,230,5,9,180,,
2014-05-06,990,8,5,267,,
2014-05-07,127,0,6,457,,
2014-05-08,455,4,8,378,,
2014-05-09,270,9,0,136,,
2014-05-10,344,1,4,356,,
2014-05-12,790,6,1,470,,
2014-05-13,190,0,2,129,,
2014-05-14,245,1,0,677,,
2014-05-15,128,1,8,125,,
2014-05-16,567,8,3,779,,
2014-05-17,570,2,8,189,,
2014-05-19,458,7,0,127,,
2014-05-20,269,7,2,147,,
2014-05-21,355,3,8,468,,
2014-05-22,256,3,7,359,,
2014-05-23,128,1,7,278,,
2014-05-24,448,6,3,120,,
2014-05-26,247,3,4,347,,
2014-05-27,147,2,6,600,,
2014-05-28,446,4,3,689,,
2014-05-29,170,8,1,380,,
2014-05-30,112,4,0,190,,
2014-05-31,167,4,3,256,,
2014-06-02,157,3,0,479,,
2014-06-03,225,9,9,379,,
2014-06-04,179,7,5,159,,
2014-06-05,237,2,9,135,,
2014-06-06,800,8,8,468,,
2014-06-07,399,1,1,290,,
2014-06-09,246,2,4,158,,
2014-06-10,568,9,8,134,,
2014-06-11,188,7,2,345,,
2014-06-12,249,5,0,244,,
2014-06-13,780,5,8,558,,
2014-06-14,688,2,5,456,,
2014-06-16,578,0,1,290,,
2014-06-17,145,0,1,245,,
2014-06-18,133,7,6,790,,
2014-06-19,355,3,8,116,,
2014-06-20,139,3,7,458,,
2014-06-21,568,9,8,459,,
2014-06-23,679,2,5,690,,
2014-06-24,180,9,1,560,,
2014-06-25,145,0,3,580,,
2014-06-26,234,9,8,260,,
2014-06-27,244,0,3,256,,
2014-06-28,277,6,9,478,,
2014-06-30,250,7,1,119,,
2014-07-01,569,0,1,579,,
2014-07-02,567,8,2,336,,
2014-07-03,125,8,9,379,,
2014-07-04,588,1,5,230,,
2014-07-05,140,5,7,458,,
2014-07-07,280,0,4,590,,
2014-07-08,260,8,6,240,,
2014-07-09,257,4,3,580,,
2014-07-10,239,4,4,347,,
2014-07-11,380,1,6,123,,
2014-07-12,133,7,1,146,,
2014-07-14,900,9,8,134,,
2014-07-15,680,4,6,169,,
2014-07-16,489,1,5,249,,
2014-07-17,349,6,2,480,,
2014-07-18,150,6,0,235,,
2014-07-19,367,6,0,136,,
2014-07-21,449,7,1,146,,
2014-07-22,560,1,1,236,,
2014-07-23,299,0,5,159,,
2014-07-24,467,7,0,190,,
2014-07-25,123,6,4,220,,
2014-07-26,139,3,3,229,,
2014-07-28,899,6,1,560,,
2014-07-29,*,*,*,*,,
2014-07-30,589,2,8,567,,
2014-07-31,268,6,0,668,,
2014-08-01,125,8,1,236,,
2014-08-02,377,7,5,690,,
2014-08-04,178,6,4,338,,
2014-08-05,780,5,0,136,,
2014-08-06,124,7,8,800,,
2014-08-07,159,5,1,560,,
2014-08-08,569,0,5,168,,
2014-08-09,470,1,4,356,,
2014-08-11,380,1,2,390,,
2014-08-12,667,9,1,128,,
2014-08-13,469,9,2,228,,
2014-08-14,369,8,4,789,,
2014-08-15,*,*,*,*,,
2014-08-16,588,1,6,178,,
2014-08-18,189,8,0,460,,
2014-08-19,778,2,0,578,,
2014-08-20,127,0,1,399,,
2014-08-21,347,4,1,146,,
2014-08-22,370,0,8,170,,
2014-08-23,456,5,9,469,,
2014-08-25,260,8,2,570,,
2014-08-26,480,2,1,119,,
2014-08-27,467,7,7,160,,
2014-08-28,168,5,8,125,,
2014-08-29,479,0,0,668,,
2014-08-30,*,*,*,*,,
2014-09-01,115,7,5,456,,
2014-09-02,367,6,7,179,,
2014-09-03,155,1,8,233,,
2014-09-04,345,2,2,237,,
2014-09-05,378,8,9,450,,
2014-09-06,118,0,7,359,,
2014-09-08,690,5,7,124,,
2014-09-09,179,7,6,150,,
2014-09-10,575,0,5,366,,
2014-09-11,778,2,3,148,,
2014-09-12,580,3,2,228,,
2014-09-13,347,4,1,227,,
2014-09-15,890,7,2,156,,
2014-09-16,129,2,5,889,,
2014-09-17,135,9,3,670,,
2014-09-18,127,0,6,358,,
2014-09-19,390,2,8,378,,
2014-09-20,680,4,4,239,,
2014-09-22,169,6,8,567,,
2014-09-23,170,8,3,779,,
2014-09-24,235,0,0,578,,
2014-09-25,800,8,3,346,,
2014-09-26,160,7,9,360,,
2014-09-27,259,6,7,250,,
2014-09-29,279,8,7,340,,
2014-09-30,678,1,2,138,,
2014-10-01,260,8,8,125,,
2014-10-02,228,2,5,267,,
2014-10-03,189,8,1,245,,
2014-10-04,156,2,6,790,,
2014-10-06,479,0,4,167,,
2014-10-07,890,7,6,178,,
2014-10-08,490,3,5,690,,
2014-10-09,267,5,1,155,,
2014-10-10,449,7,2,147,,
2014-10-11,138,2,9,559,,
2014-10-13,247,3,7,160,,
2014-10-14,367,6,4,789,,
2014-10-15,246,2,7,133,,
2014-10-16,167,4,6,114,,
2014-10-17,478,9,2,129,,
2014-10-18,*,*,*,*,,
2014-10-20,*,*,*,*,,
2014-10-21,*,*,*,*,,
2014-10-22,*,*,*,*,,
2014-10-23,*,*,*,*,,
2014-10-24,*,*,*,*,,
2014-10-25,*,*,*,*,,
2014-10-27,*,*,*,*,,
2014-10-28,570,2,9,180,,
2014-10-29,468,8,9,450,,
2014-10-30,334,0,7,467,,
2014-10-31,344,1,9,126,,
2014-11-01,579,1,3,580,,
2014-11-03,166,3,3,256,,
2014-11-04,480,2,6,790,,
2014-11-05,189,8,5,690,,
2014-11-06,390,2,7,557,,
2014-11-07,128,1,4,590,,
2014-11-08,238,3,3,139,,
2014-11-10,569,0,2,156,,
2014-11-11,225,9,9,270,,
2014-11-12,579,1,3,490,,
2014-11-13,230,5,1,380,,
2014-11-14,290,1,4,699,,
2014-11-15,789,4,3,120,,
2014-11-17,479,0,6,240,,
2014-11-18,558,8,7,124,,
2014-11-19,578,0,8,189,,
2014-11-20,130,4,5,447,,
2014-11-21,156,2,8,567,,
2014-11-22,134,8,7,467,,
2014-11-24,579,1,4,680,,
2014-11-25,127,0,9,360,,
2014-11-26,116,8,9,478,,
2014-11-27,226,0,2,589,,
2014-11-28,149,4,1,236,,
2014-11-29,130,4,7,458,,
2014-12-01,168,5,3,490,,
2014-12-02,180,9,9,144,,
2014-12-03,134,8,1,155,,
2014-12-04,560,1,0,677,,
2014-12-05,245,1,5,159,,
2014-12-06,379,9,9,478,,
2014-12-08,148,3,4,248,,
2014-12-09,167,4,5,249,,
2014-12-10,120,3,2,147,,
2014-12-11,336,2,3,238,,
2014-12-12,579,1,7,133,,
2014-12-13,368,7,4,455,,
2014-12-15,670,3,6,259,,
2014-12-16,130,4,2,242,,
2014-12-17,224,8,0,479,,
2014-12-18,349,6,9,478,,
2014-12-19,379,9,5,230,,
2014-12-20,360,9,1,579,,
2014-12-22,160,7,8,477,,
2014-12-23,136,0,5,267,,
2014-12-24,334,0,1,290,,
2014-12-25,279,8,8,378,,
2014-12-26,270,9,5,348,,
2014-12-27,550,0,3,120,,
2014-12-29,123,6,8,134,,
2014-12-30,269,7,2,660,,
2014-12-31,227,1,8,459,,
2015-01-01,340,7,7,557,,
2015-01-02,379,9,9,270,,
2015-01-03,290,1,6,259,,
2015-01-05,678,1,3,689,,
2015-01-06,238,3,1,236,,
2015-01-07,199,9,7,124,,
2015-01-08,247,3,9,900,,
2015-01-09,550,0,8,369,,
2015-01-10,789,4,9,469,,
2015-01-12,468,8,4,356,,
2015-01-13,566,7,7,160,,
2015-01-14,*,*,*,*,,
2015-01-15,568,9,3,670,,
2015-01-16,360,9,7,250,,
2015-01-17,688,2,1,678,,
2015-01-19,460,0,3,689,,
2015-01-20,180,9,0,569,,
2015-01-21,359,7,0,280,,
2015-01-22,669,1,6,123,,
2015-01-23,145,0,4,590,,
2015-01-24,479,0,2,156,,
2015-01-26,*,*,*,*,,
2015-01-27,279,8,5,500,,
2015-01-28,180,9,8,567,,
2015-01-29,688,2,9,478,,
2015-01-30,138,2,3,139,,
2015-01-31,460,0,0,235,,
2015-02-02,580,3,4,770,,
2015-02-03,116,8,8,170,,
2015-02-04,280,0,5,159,,
2015-02-05,449,7,3,157,,
2015-02-06,488,0,1,380,,
2015-02-07,790,6,1,146,,
2015-02-09,148,3,3,247,,
2015-02-10,578,0,8,459,,
2015-02-11,127,0,4,239,,
2015-02-12,358,6,0,244,,
2015-02-13,688,2,9,379,,
2015-02-14,380,1,9,577,,
2015-02-16,125,8,8,378,,
2015-02-17,680,4,4,356,,
2015-02-18,570,2,9,478,,
2015-02-19,129,2,8,260,,
2015-02-20,700,7,1,128,,
2015-02-21,169,6,3,229,,
2015-02-23,568,9,3,670,,
2015-02-24,678,1,2,336,,
2015-02-25,489,1,7,160,,
2015-02-26,770,4,5,249,,
2015-02-27,580,3,4,167,,
2015-02-28,490,3,0,578,,
2015-03-02,889,5,0,460,,
2015-03-03,347,4,1,146,,
2015-03-04,129,2,9,117,,
2015-03-05,340,7,0,190,,
2015-03-06,*,*,*,*,,
2015-03-07,178,6,5,690,,
2015-03-09,669,1,5,258,,
2015-03-10,149,4,2,138,,
2015-03-11,388,9,8,567,,
2015-03-12,267,5,2,480,,
2015-03-13,*,*,*,*,,
2015-03-14,*,*,*,*,,
2015-03-16,234,9,1,290,,
2015-03-17,114,6,2,345,,
2015-03-18,118,0,9,126,,
2015-03-19,127,0,8,369,,
2015-03-20,288,8,3,148,,
2015-03-21,880,6,6,178,,
2015-03-23,149,4,0,460,,
2015-03-24,156,2,6,457,,
2015-03-25,589,2,1,236,,
2015-03-26,*,*,*,*,,
2015-03-27,170,8,4,167,,
2015-03-28,125,8,5,122,,
2015-03-30,670,3,3,148,,
2015-03-31,578,0,9,379,,
2015-04-01,458,7,9,180,,
2015-04-02,460,0,6,150,,
2015-04-03,567,8,1,344,,
2015-04-04,250,7,0,569,,
2015-04-06,679,2,4,257,,
2015-04-07,147,2,1,100,,
2015-04-08,118,0,5,267,,
2015-04-09,266,4,6,259,,
2015-04-10,145,0,2,570,,
2015-04-11,156,2,6,330,,
2015-04-13,566,7,0,578,,
2015-04-14,590,4,0,569,,
2015-04-15,345,2,8,279,,
2015-04-16,240,6,2,336,,
2015-04-17,690,5,1,399,,
2015-04-18,470,1,1,290,,
2015-04-20,599,3,1,137,,
2015-04-21,357,5,0,127,,
2015-04-22,157,3,9,379,,
2015-04-23,457,6,7,467,,
2015-04-24,560,1,1,128,,
2015-04-25,458,7,6,114,,
2015-04-27,269,7,0,479,,
2015-04-28,280,0,4,239,,
2015-04-29,455,4,8,567,,
2015-04-30,159,5,5,456,,
2015-05-01,680,4,3,300,,
2015-05-02,400,4,7,557,,
2015-05-04,178,6,1,128,,
2015-05-05,234,9,8,440,,
2015-05-06,679,2,8,279,,
2015-05-07,590,4,3,229,,
2015-05-08,789,4,5,456,,
2015-05-09,127,0,0,280,,
2015-05-11,157,3,4,248,,
2015-05-12,290,1,9,144,,
2015-05-13,557,7,1,380,,
2015-05-14,250,7,1,128,,
2015-05-15,660,2,3,148,,
2015-05-16,115,7,9,135,,
2015-05-18,259,6,1,678,,
2015-05-19,689,3,2,336,,
2015-05-20,189,8,9,360,,
2015-05-21,179,7,1,236,,
2015-05-22,245,1,2,589,,
2015-05-23,110,2,0,190,,
2015-05-25,379,9,4,590,,
2015-05-26,147,2,2,390,,
2015-05-27,570,2,0,479,,
2015-05-28,600,6,4,356,,
2015-05-29,158,4,0,299,,
2015-05-30,680,4,2,589,,
2015-06-01,499,2,5,357,,
2015-06-02,349,6,4,466,,
2015-06-03,389,0,8,279,,
2015-06-04,369,8,3,788,,
2015-06-05,124,7,2,228,,
2015-06-06,679,2,1,245,,
2015-06-08,466,6,0,127,,
2015-06-09,569,0,5,177,,
2015-06-10,118,0,0,280,,
2015-06-11,166,3,8,369,,
2015-06-12,480,2,6,240,,
2015-06-13,168,5,2,778,,
2015-06-15,579,1,6,349,,
2015-06-16,236,1,8,189,,
2015-06-17,226,0,9,289,,
2015-06-18,178,6,1,137,,
2015-06-19,600,6,9,270,,
2015-06-20,149,4,4,239,,
2015-06-22,168,5,4,356,,
2015-06-23,147,2,1,470,,
2015-06-24,566,7,2,110,,
2015-06-25,590,4,8,369,,
2015-06-26,568,9,7,359,,
2015-06-27,168,5,5,780,,
2015-06-29,169,6,6,268,,
2015-06-30,358,6,0,334,,
2015-07-01,147,2,5,500,,
2015-07-02,669,1,4,149,,
2015-07-03,356,4,8,224,,
2015-07-04,156,2,9,270,,
2015-07-06,128,1,1,137,,
2015-07-07,400,4,0,460,,
2015-07-08,889,5,4,356,,
2015-07-09,679,2,2,129,,
2015-07-10,125,8,1,579,,
2015-07-11,669,1,1,560,,
2015-07-13,278,7,8,477,,
2015-07-14,360,9,7,124,,
2015-07-15,134,8,0,460,,
2015-07-16,469,9,3,166,,
2015-07-17,568,9,7,160,,
2015-07-18,*,*,*,*,,
2015-07-20,479,0,1,236,,
2015-07-21,122,5,8,260,,
2015-07-22,139,3,1,245,,
2015-07-23,290,1,3,120,,
2015-07-24,250,7,3,490,,
2015-07-25,225,9,7,458,,
2015-07-27,800,8,8,350,,
2015-07-28,249,5,0,136,,
2015-07-29,260,8,1,678,,
2015-07-30,257,4,3,247,,
2015-07-31,147,2,2,688,,
2015-08-01,128,1,3,355,,
2015-08-03,679,2,9,469,,
2015-08-04,388,9,6,880,,
2015-08-05,129,2,7,278,,
2015-08-06,700,7,5,249,,
2015-08-07,380,1,7,467,,
2015-08-08,667,9,3,238,,
2015-08-10,348,5,9,478,,
2015-08-11,299,0,7,458,,
2015-08-12,678,1,6,330,,
2015-08-13,167,4,1,579,,
2015-08-14,460,0,5,140,,
2015-08-15,*,*,*,*,,
2015-08-17,157,3,0,136,,
2015-08-18,340,7,2,156,,
2015-08-19,480,2,6,358,,
2015-08-20,335,1,2,589,,
2015-08-21,799,5,8,459,,
2015-08-22,360,9,5,348,,
2015-08-24,260,8,1,236,,
2015-08-25,147,2,1,678,,
2015-08-26,228,2,1,699,,
2015-08-27,123,6,2,246,,
2015-08-28,189,8,5,447,,
2015-08-29,350,8,2,129,,
2015-08-31,347,4,0,145,,
2015-09-01,112,4,9,450,,
2015-09-02,790,6,0,190,,
2015-09-03,134,8,0,370,,
2015-09-04,357,5,6,349,,
2015-09-05,245,1,7,340,,
2015-09-07,990,8,1,227,,
2015-09-08,267,5,9,270,,
2015-09-09,136,0,5,339,,
2015-09-10,700,7,4,130,,
2015-09-11,366,5,6,358,,
2015-09-12,790,6,3,346,,
2015-09-14,348,5,9,225,,
2015-09-15,112,4,2,156,,
2015-09-16,248,4,5,456,,
2015-09-17,899,6,4,158,,
2015-09-18,459,8,6,330,,
2015-09-19,136,0,4,158,,
2015-09-21,123,6,0,235,,
2015-09-22,140,5,6,880,,
2015-09-23,580,3,8,125,,
2015-09-24,145,0,5,348,,
2015-09-25,230,5,1,678,,
2015-09-26,159,5,0,226,,
2015-09-28,279,8,3,337,,
2015-09-29,160,7,6,169,,
2015-09-30,149,4,4,167,,
2015-10-01,399,1,1,146,,
2015-10-02,234,9,4,220,,
2015-10-03,260,8,5,348,,
2015-10-05,127,0,9,450,,
2015-10-06,370,0,8,134,,
2015-10-07,220,4,6,349,,
2015-10-08,669,1,0,479,,
2015-10-09,590,4,2,679,,
2015-10-10,125,8,2,156,,
2015-10-12,780,5,1,560,,
2015-10-13,157,3,2,138,,
2015-10-14,127,0,4,167,,
2015-10-15,670,3,3,580,,
2015-10-16,466,6,6,169,,
2015-10-17,125,8,0,550,,
2015-10-19,290,1,3,148,,
2015-10-20,188,7,1,245,,
2015-10-21,380,1,9,469,,
2015-10-22,689,3,6,457,,
2015-10-23,168,5,2,480,,
2015-10-24,267,5,2,129,,
2015-10-26,149,4,7,340,,
2015-10-27,246,2,2,679,,
2015-10-28,368,7,7,458,,
2015-10-29,240,6,9,469,,
2015-10-30,568,9,0,460,,
2015-10-31,680,4,3,247,,
2015-11-02,289,9,2,228,,
2015-11-03,277,6,6,349,,
2015-11-04,380,1,6,240,,
2015-11-05,578,0,0,136,,
2015-11-06,340,7,0,479,,
2015-11-07,*,*,*,*,,
2015-11-09,*,*,*,*,,
2015-11-10,*,*,*,*,,
2015-11-11,*,*,*,*,,
2015-11-12,*,*,*,*,,
2015-11-13,*,*,*,*,,
2015-11-14,*,*,*,*,,
2015-11-16,237,2,7,250,,
2015-11-17,170,8,9,450,,
2015-11-18,490,3,3,355,,
2015-11-19,480,2,9,469,,
2015-11-20,115,7,0,244,,
2015-11-21,670,3,0,127,,
2015-11-23,245,1,3,689,,
2015-11-24,290,1,6,367,,
2015-11-25,567,8,2,237,,
2015-11-26,348,5,3,580,,
2015-11-27,467,7,5,267,,
2015-11-28,344,1,0,370,,
2015-11-30,456,5,7,124,,
2015-12-01,177,9,5,168,,
2015-12-02,449,7,3,247,,
2015-12-03,234,9,2,345,,
2015-12-04,236,1,5,122,,
2015-12-05,133,7,7,179,,
2015-12-07,358,6,8,134,,
2015-12-08,180,9,5,258,,
2015-12-09,168,5,5,780,,
2015-12-10,380,1,3,490,,
2015-12-11,450,9,4,446,,
2015-12-12,588,1,1,119,,
2015-12-14,368,7,3,670,,
2015-12-15,890,7,7,179,,
2015-12-16,170,8,9,469,,
2015-12-17,568,9,0,118,,
2015-12-18,580,3,8,567,,
2015-12-19,388,9,0,280,,
2015-12-21,679,2,8,378,,
2015-12-22,447,5,4,347,,
2015-12-23,588,1,6,240,,
2015-12-24,578,0,2,345,,
2015-12-25,458,7,3,490,,
2015-12-26,890,7,2,228,,
2015-12-28,589,2,4,266,,
2015-12-29,157,3,8,580,,
2015-12-30,677,0,6,268,,
2015-12-31,570,2,2,138,,
2016-01-01,190,0,7,124,,
2016-01-02,349,6,9,469,,
2016-01-04,568,9,9,379,,
2016-01-05,223,7,4,149,,
2016-01-06,359,7,2,589,,
2016-01-07,158,4,2,228,,
2016-01-08,180,9,7,179,,
2016-01-09,134,8,0,136,,
2016-01-11,367,6,7,467,,
2016-01-12,288,8,0,578,,
2016-01-13,180,9,4,257,,
2016-01-14,389,0,0,569,,
2016-01-15,558,8,2,570,,
2016-01-16,158,4,6,169,,
2016-01-18,679,2,9,270,,
2016-01-19,156,2,0,479,,
2016-01-20,127,0,6,880,,
2016-01-21,670,3,4,167,,
2016-01-22,390,2,5,447,,
2016-01-23,*,*,*,*,,
2016-01-25,237,2,2,589,,
2016-01-26,*,*,*,*,,
2016-01-27,139,3,0,190,,
2016-01-28,270,9,3,229,,
2016-01-29,139,3,5,690,,
2016-01-30,223,7,6,790,,
2016-02-01,257,4,4,167,,
2016-02-02,156,2,1,236,,
2016-02-03,280,0,4,266,,
2016-02-04,450,9,5,249,,
2016-02-05,336,2,1,470,,
2016-02-06,446,4,6,790,,
2016-02-08,179,7,1,560,,
2016-02-09,228,2,1,579,,
2016-02-10,680,4,4,239,,
2016-02-11,159,5,0,280,,
2016-02-12,246,2,2,138,,
2016-02-13,299,0,2,156,,
2016-02-15,449,7,5,140,,
2016-02-16,120,3,1,137,,
2016-02-17,190,0,8,567,,
2016-02-18,467,7,7,160,,
2016-02-19,600,6,2,147,,
2016-02-20,224,8,0,578,,
2016-02-22,580,3,3,256,,
2016-02-23,258,5,5,168,,
2016-02-24,128,1,0,569,,
2016-02-25,117,9,5,456,,
2016-02-26,267,5,7,115,,
2016-02-27,130,4,1,470,,
2016-02-29,450,9,7,359,,
2016-03-01,678,1,9,559,,
2016-03-02,137,1,5,159,,
2016-03-03,660,2,4,149,,
2016-03-04,135,9,6,169,,
2016-03-05,369,8,5,177,,
2016-03-07,790,6,9,126,,
2016-03-08,579,1,0,370,,
2016-03-09,159,5,5,780,,
2016-03-10,224,8,1,290,,
2016-03-11,149,4,9,559,,
2016-03-12,478,9,3,580,,
2016-03-14,235,0,4,239,,
2016-03-15,347,4,8,224,,
2016-03-16,158,4,6,358,,
2016-03-17,200,2,0,370,,
2016-03-18,259,6,7,449,,
2016-03-19,268,6,9,360,,
2016-03-21,460,0,5,267,,
2016-03-22,579,1,1,128,,
2016-03-23,236,1,2,499,,
2016-03-24,*,*,*,*,,
2016-03-25,170,8,3,300,,
2016-03-26,169,6,5,456,,
2016-03-28,678,1,8,189,,
2016-03-29,446,4,6,349,,
2016-03-30,367,6,8,468,,
2016-03-31,688,2,0,460,,
2016-04-01,119,1,8,125,,
2016-04-02,138,2,8,116,,
2016-04-11,578,0,4,699,,
2016-04-12,778,2,8,260,,
2016-04-13,478,9,1,137,,
2016-04-14,370,0,0,389,,
2016-04-15,180,9,0,479,,
2016-04-16,123,6,8,189,,
2016-04-18,127,0,4,239,,
2016-04-19,600,6,6,349,,
2016-04-20,350,8,0,550,,
2016-04-21,680,4,3,120,,
2016-04-22,560,1,4,356,,
2016-04-23,489,1,5,113,,
2016-04-25,880,6,4,167,,
2016-04-26,600,6,7,124,,
2016-04-27,458,7,7,557,,
2016-04-28,479,0,5,168,,
2016-04-29,140,5,5,267,,
2016-04-30,170,8,8,459,,
2016-05-02,579,1,8,369,,
2016-05-03,235,0,1,119,,
2016-05-04,360,9,4,130,,
2016-05-05,260,8,1,236,,
2016-05-06,880,6,9,568,,
2016-05-07,135,9,8,378,,
2016-05-09,128,1,2,480,,
2016-05-10,178,6,1,155,,
2016-05-11,280,0,1,470,,
2016-05-12,226,0,3,139,,
2016-05-13,138,2,9,360,,
2016-05-14,146,1,3,247,,
2016-05-16,889,5,1,236,,
2016-05-17,359,7,0,668,,
2016-05-18,669,1,0,127,,
2016-05-19,256,3,7,179,,
2016-05-20,160,7,8,350,,
2016-05-21,129,2,8,134,,
2016-05-23,467,7,2,156,,
2016-05-24,378,8,8,125,,
2016-05-25,120,3,3,148,,
2016-05-26,228,2,1,137,,
2016-05-27,290,1,9,289,,
2016-05-28,399,1,3,256,,
2016-05-30,135,9,5,339,,
2016-05-31,245,1,6,790,,
2016-06-01,334,0,7,368,,
2016-06-02,167,4,7,340,,
2016-06-03,127,0,8,350,,
2016-06-04,128,1,6,178,,
2016-06-06,556,6,4,239,,
2016-06-07,169,6,1,560,,
2016-06-08,350,8,2,480,,
2016-06-09,200,2,9,135,,
2016-06-10,679,2,2,589,,
2016-06-11,700,7,5,249,,
2016-06-13,236,1,2,228,,
2016-06-14,130,4,6,259,,
2016-06-15,179,7,5,780,,
2016-06-16,558,8,6,349,,
2016-06-17,257,4,0,226,,
2016-06-18,170,8,8,134,,
2016-06-20,249,5,4,239,,
2016-06-21,490,3,9,577,,
2016-06-22,160,7,7,467,,
2016-06-23,288,8,0,145,,
2016-06-24,246,2,1,560,,
2016-06-25,236,1,9,180,,
2016-06-27,248,4,4,680,,
2016-06-28,377,7,4,239,,
2016-06-29,340,7,9,180,,
2016-06-30,668,0,7,458,,
2016-07-01,199,9,5,780,,
2016-07-02,579,1,2,147,,
2016-07-04,280,0,8,369,,
2016-07-05,170,8,7,188,,
2016-07-06,499,2,0,569,,
2016-07-07,*,*,*,*,,
2016-07-08,279,8,2,589,,
2016-07-09,266,4,7,368,,
2016-07-11,126,9,0,550,,
2016-07-12,130,4,2,129,,
2016-07-13,150,6,0,190,,
2016-07-14,356,4,1,236,,
2016-07-15,120,3,7,269,,
2016-07-16,568,9,5,122,,
2016-07-18,900,9,1,579,,
2016-07-19,236,1,3,256,,
2016-07-20,250,7,3,229,,
2016-07-21,269,7,2,589,,
2016-07-22,245,1,6,790,,
2016-07-23,880,6,0,299,,
2016-07-25,170,8,1,290,,
2016-07-26,129,2,2,778,,
2016-07-27,667,9,9,360,,
2016-07-28,158,4,2,570,,
2016-07-29,377,7,1,560,,
2016-07-30,677,0,8,260,,
2016-08-01,579,1,1,489,,
2016-08-02,245,1,5,249,,
2016-08-03,289,9,6,240,,
2016-08-04,459,8,9,270,,
2016-08-05,200,2,8,170,,
2016-08-06,150,6,1,290,,
2016-08-08,266,4,1,128,,
2016-08-09,238,3,2,129,,
2016-08-10,180,9,7,890,,
2016-08-11,290,1,0,226,,
2016-08-12,370,0,0,190,,
2016-08-13,458,7,0,136,,
2016-08-15,*,*,*,*,,
2016-08-16,268,6,2,480,,
2016-08-17,789,4,4,699,,
2016-08-18,380,1,7,124,,
2016-08-19,220,4,3,580,,
2016-08-20,270,9,4,239,,
2016-08-22,790,6,6,367,,
2016-08-23,589,2,7,340,,
2016-08-24,155,1,7,124,,
2016-08-25,456,5,1,245,,
2016-08-26,230,5,0,136,,
2016-08-27,139,3,2,390,,
2016-08-29,490,3,3,148,,
2016-08-30,558,8,5,690,,
2016-08-31,258,5,2,480,,
2016-09-01,670,3,7,368,,
2016-09-02,389,0,6,457,,
2016-09-03,159,5,5,357,,
2016-09-05,238,3,8,369,,
2016-09-06,390,2,1,399,,
2016-09-07,367,6,0,235,,
2016-09-08,267,5,3,580,,
2016-09-09,228,2,5,258,,
2016-09-10,115,7,9,478,,
2016-09-12,148,3,3,247,,
2016-09-13,880,6,7,250,,
2016-09-14,160,7,1,560,,
2016-09-15,346,3,9,180,,
2016-09-16,458,7,1,470,,
2016-09-17,477,8,7,160,,
2016-09-19,113,5,5,357,,
2016-09-20,138,2,4,248,,
2016-09-21,334,0,9,180,,
2016-09-22,247,3,4,149,,
2016-09-23,448,6,7,124,,
2016-09-24,690,5,3,238,,
2016-09-26,469,9,4,130,,
2016-09-27,160,7,1,560,,
2016-09-28,440,8,3,148,,
2016-09-29,468,8,2,138,,
2016-09-30,457,6,6,367,,
2016-10-01,237,2,9,900,,
2016-10-03,578,0,3,256,,
2016-10-04,127,0,8,260,,
2016-10-05,190,0,1,489,,
2016-10-06,125,8,1,146,,
2016-10-07,266,4,2,570,,
2016-10-08,389,0,5,258,,
2016-10-10,239,4,1,560,,
2016-10-11,138,2,0,235,,
2016-10-12,237,2,7,160,,
2016-10-13,260,8,8,279,,
2016-10-14,550,0,9,180,,
2016-10-15,147,2,1,380,,
2016-10-17,455,4,3,148,,
2016-10-18,145,0,1,470,,
2016-10-19,146,1,1,236,,
2016-10-20,369,8,6,277,,
2016-10-21,137,1,9,234,,
2016-10-22,460,0,8,440,,
2016-10-24,469,9,7,250,,
2016-10-25,144,9,6,259,,
2016-10-26,239,4,8,189,,
2016-10-27,*,*,*,*,,
2016-10-28,*,*,*,*,,
2016-10-29,*,*,*,*,,
2016-10-31,*,*,*,*,,
2016-11-01,*,*,*,*,,
2016-11-02,690,5,7,359,,
2016-11-03,380,1,8,369,,
2016-11-04,479,0,9,126,,
2016-11-05,130,4,8,288,,
2016-11-07,568,9,4,167,,
2016-11-08,126,9,1,470,,
2016-11-09,188,7,3,490,,
2016-11-10,257,4,1,290,,
2016-11-11,350,8,1,128,,
2016-11-12,118,0,5,267,,
2016-11-14,459,8,8,378,,
2016-11-15,150,6,2,138,,
2016-11-16,179,7,7,160,,
2016-11-17,228,2,4,257,,
2016-11-18,188,7,0,145,,
2016-11-19,789,4,6,349,,
2016-11-21,360,9,7,188,,
2016-11-22,240,6,7,458,,
2016-11-23,290,1,3,670,,
2016-11-24,568,9,1,137,,
2016-11-25,357,5,4,266,,
2016-11-26,678,1,8,233,,
2016-11-28,168,5,2,390,,
2016-11-29,360,9,7,359,,
2016-11-30,110,2,9,289,,
2016-12-01,158,4,5,230,,
2016-12-02,680,4,2,570,,
2016-12-03,668,0,2,345,,
2016-12-05,125,8,8,260,,
2016-12-06,257,4,0,460,,
2016-12-07,889,5,1,236,,
2016-12-08,124,7,7,890,,
2016-12-09,577,9,5,230,,
2016-12-10,245,1,2,570,,
2016-12-12,140,5,0,334,,
2016-12-13,123,6,2,688,,
2016-12-14,369,8,9,450,,
2016-12-15,789,4,2,480,,
2016-12-16,360,9,3,779,,
2016-12-17,349,6,8,468,,
2016-12-19,134,8,4,248,,
2016-12-20,470,1,8,378,,
2016-12-21,360,9,2,480,,
2016-12-22,447,5,5,780,,
2016-12-23,133,7,7,160,,
2016-12-24,157,3,5,168,,
2016-12-26,230,5,0,578,,
2016-12-27,678,1,5,348,,
2016-12-28,136,0,3,166,,
2016-12-29,138,2,3,120,,
2016-12-30,800,8,2,129,,
2016-12-31,389,0,3,157,,
2017-01-02,338,4,9,180,,
2017-01-03,480,2,5,177,,
2017-01-04,235,0,7,124,,
2017-01-05,367,6,4,158,,
2017-01-06,569,0,7,359,,
2017-01-07,300,3,5,348,,
2017-01-09,249,5,4,130,,
2017-01-10,159,5,0,334,,
2017-01-11,157,3,2,480,,
2017-01-12,130,4,9,667,,
2017-01-13,468,8,5,267,,
2017-01-14,368,7,1,579,,
2017-01-16,277,6,5,159,,
2017-01-17,237,2,2,345,,
2017-01-18,367,6,2,138,,
2017-01-19,227,1,8,279,,
2017-01-20,570,2,0,145,,
2017-01-21,136,0,4,130,,
2017-01-23,390,2,6,150,,
2017-01-24,113,5,1,344,,
2017-01-25,380,1,3,670,,
2017-01-26,*,*,*,*,,
2017-01-27,690,5,2,147,,
2017-01-28,358,6,3,689,,
2017-01-30,455,4,5,168,,
2017-01-31,140,5,1,560,,
2017-02-01,370,0,9,180,,
2017-02-02,478,9,5,177,,
2017-02-03,700,7,1,380,,
2017-02-04,578,0,9,234,,
2017-02-06,280,0,7,250,,
2017-02-07,110,2,3,689,,
2017-02-08,678,1,8,567,,
2017-02-09,380,1,7,188,,
2017-02-10,789,4,3,580,,
2017-02-11,469,9,2,679,,
2017-02-13,116,8,4,158,,
2017-02-14,489,1,1,137,,
2017-02-15,244,0,7,160,,
2017-02-16,180,9,5,168,,
2017-02-17,139,3,8,260,,
2017-02-18,360,9,2,688,,
2017-02-20,269,7,5,780,,
2017-02-21,150,6,9,180,,
2017-02-22,450,9,1,335,,
2017-02-23,790,6,7,458,,
2017-02-24,779,3,1,146,,
2017-02-25,350,8,8,459,,
2017-02-27,460,0,2,480,,
2017-02-28,229,3,6,880,,
2017-03-01,279,8,9,135,,
2017-03-02,239,4,2,255,,
2017-03-03,578,0,1,146,,
2017-03-04,167,4,9,379,,
2017-03-06,670,3,4,130,,
2017-03-07,469,9,8,279,,
2017-03-08,300,3,1,560,,
2017-03-09,559,9,6,268,,
2017-03-10,560,1,2,138,,
2017-03-11,380,1,0,550,,
2017-03-13,*,*,*,*,,
2017-03-14,226,0,3,139,,
2017-03-15,136,0,3,157,,
2017-03-16,267,5,1,137,,
2017-03-17,558,8,8,567,,
2017-03-18,890,7,7,890,,
2017-03-20,790,6,7,160,,
2017-03-21,336,2,0,118,,
2017-03-22,890,7,9,234,,
2017-03-23,358,6,9,135,,
2017-03-24,240,6,7,278,,
2017-03-25,800,8,4,680,,
2017-03-27,590,4,0,569,,
2017-03-28,459,8,4,149,,
2017-03-29,579,1,1,236,,
2017-03-30,568,9,2,390,,
2017-03-31,260,8,0,136,,
2017-04-01,389,0,1,119,,
2017-04-03,277,6,7,467,,
2017-04-04,370,0,5,889,,
2017-04-05,289,9,7,269,,
2017-04-06,458,7,7,179,,
2017-04-07,677,0,2,237,,
2017-04-08,360,9,0,370,,
2017-04-10,567,8,9,135,,
2017-04-11,557,7,8,189,,
2017-04-12,289,9,9,180,,
2017-04-13,447,5,8,189,,
2017-04-14,159,5,1,678,,
2017-04-15,890,7,3,346,,
2017-04-17,140,5,1,344,,
2017-04-18,568,9,2,336,,
2017-04-19,227,1,5,230,,
2017-04-20,350,8,5,267,,
2017-04-21,456,5,3,689,,
2017-04-22,146,1,9,667,,
2017-04-24,450,9,2,778,,
2017-04-25,799,5,1,380,,
2017-04-26,458,7,0,226,,
2017-04-27,149,4,8,260,,
2017-04-28,357,5,3,256,,
2017-04-29,379,9,8,477,,
2017-05-01,179,7,7,368,,
2017-05-02,380,1,1,470,,
2017-05-03,229,3,2,679,,
2017-05-04,489,1,8,125,,
2017-05-05,110,2,4,158,,
2017-05-06,568,9,4,770,,
2017-05-08,126,9,0,569,,
2017-05-09,478,9,3,120,,
2017-05-10,689,3,6,367,,
2017-05-11,899,6,5,168,,
2017-05-12,349,6,8,350,,
2017-05-13,167,4,8,459,,
2017-05-15,299,0,0,136,,
2017-05-16,780,5,8,468,,
2017-05-17,899,6,3,166,,
2017-05-18,479,0,7,566,,
2017-05-19,489,1,2,129,,
2017-05-20,600,6,2,679,,
2017-05-22,590,4,4,789,,
2017-05-23,578,0,6,367,,
2017-05-24,680,4,7,250,,
2017-05-25,489,1,5,230,,
2017-05-26,339,5,9,478,,
2017-05-27,180,9,3,670,,
2017-05-29,127,0,5,168,,
2017-05-30,680,4,3,337,,
2017-05-31,246,2,5,267,,
2017-06-01,148,3,2,499,,
2017-06-02,129,2,0,145,,
2017-06-03,267,5,1,146,,
2017-06-05,260,8,9,360,,
2017-06-06,690,5,0,460,,
2017-06-07,357,5,1,344,,
2017-06-08,180,9,1,245,,
2017-06-09,588,1,4,130,,
2017-06-10,299,0,8,260,,
2017-06-12,240,6,8,189,,
2017-06-13,146,1,4,400,,
2017-06-14,670,3,7,278,,
2017-06-15,458,7,7,124,,
2017-06-16,667,9,4,347,,
2017-06-17,356,4,2,129,,
2017-06-19,156,2,1,227,,
2017-06-20,369,8,7,359,,
2017-06-21,366,5,5,348,,
2017-06-22,347,4,6,178,,
2017-06-23,580,3,8,260,,
2017-06-24,126,9,9,478,,
2017-06-26,*,*,*,*,,
2017-06-27,369,8,0,460,,
2017-06-28,155,1,0,370,,
2017-06-29,479,0,6,556,,
2017-06-30,446,4,9,360,,
2017-07-01,347,4,1,489,,
2017-07-03,678,1,0,280,,
2017-07-04,270,9,6,277,,
2017-07-05,688,2,6,150,,
2017-07-06,459,8,2,390,,
2017-07-07,880,6,4,789,,
2017-07-08,457,6,5,889,,
2017-07-10,370,0,8,369,,
2017-07-11,127,0,9,478,,
2017-07-12,257,4,0,145,,
2017-07-13,146,1,7,700,,
2017-07-14,390,2,4,220,,
2017-07-15,569,0,0,235,,
2017-07-17,260,8,1,236,,
2017-07-18,568,9,4,158,,
2017-07-19,770,4,1,560,,
2017-07-20,578,0,2,570,,
2017-07-21,139,3,0,370,,
2017-07-22,112,4,3,256,,
2017-07-24,169,6,2,156,,
2017-07-25,266,4,5,348,,
2017-07-26,468,8,1,236,,
2017-07-27,569,0,6,259,,
2017-07-28,457,6,1,146,,
2017-07-29,579,1,9,388,,
2017-07-31,158,4,0,280,,
2017-08-01,129,2,2,345,,
2017-08-02,689,3,4,446,,
2017-08-03,440,8,0,280,,
2017-08-04,279,8,3,256,,
2017-08-05,113,5,1,588,,
2017-08-07,189,8,9,568,,
2017-08-08,355,3,8,378,,
2017-08-09,133,7,5,159,,
2017-08-10,158,4,6,178,,
2017-08-11,279,8,3,599,,
2017-08-12,369,8,0,569,,
2017-08-14,367,6,1,227,,
2017-08-15,*,*,*,*,,
2017-08-16,256,3,4,590,,
2017-08-17,200,2,3,580,,
2017-08-18,355,3,0,460,,
2017-08-19,577,9,0,235,,
2017-08-21,245,1,6,123,,
2017-08-22,478,9,0,145,,
2017-08-23,559,9,8,189,,
2017-08-24,148,3,8,288,,
2017-08-25,570,2,3,256,,
2017-08-26,789,4,1,137,,
2017-08-28,345,2,6,114,,
2017-08-29,120,3,0,145,,
2017-08-30,119,1,9,270,,
2017-08-31,470,1,9,180,,
2017-09-01,279,8,0,389,,
2017-09-02,220,4,5,177,,
2017-09-04,579,1,3,139,,
2017-09-05,269,7,6,178,,
2017-09-06,113,5,9,568,,
2017-09-07,890,7,5,500,,
2017-09-08,690,5,3,670,,
2017-09-09,147,2,4,158,,
2017-09-11,144,9,0,370,,
2017-09-12,678,1,2,129,,
2017-09-13,167,4,0,190,,
2017-09-14,599,3,6,123,,
2017-09-15,467,7,2,480,,
2017-09-16,289,9,7,179,,
2017-09-18,258,5,7,340,,
2017-09-19,370,0,5,230,,
2017-09-20,226,0,4,699,,
2017-09-21,230,5,2,129,,
2017-09-22,399,1,0,280,,
2017-09-23,367,6,0,370,,
2017-09-25,234,9,9,379,,
2017-09-26,167,4,9,144,,
2017-09-27,660,2,4,130,,
2017-09-28,448,6,2,336,,
2017-09-29,256,3,9,478,,
2017-09-30,690,5,1,560,,
2017-10-02,290,1,1,146,,
2017-10-03,778,2,7,269,,
2017-10-04,670,3,9,577,,
2017-10-05,470,1,1,290,,
2017-10-06,120,3,4,400,,
2017-10-07,660,2,0,145,,
2017-10-09,130,4,5,122,,
2017-10-10,160,7,5,690,,
2017-10-11,568,9,7,368,,
2017-10-12,400,4,8,189,,
2017-10-13,170,8,4,158,,
2017-10-14,*,*,*,*,,
2017-10-16,*,*,*,*,,
2017-10-17,*,*,*,*,,
2017-10-18,*,*,*,*,,
2017-10-19,*,*,*,*,,
2017-10-20,*,*,*,*,,
2017-10-21,*,*,*,*,,
2017-10-23,359,7,3,689,,
2017-10-24,235,0,2,480,,
2017-10-25,568,9,1,489,,
2017-10-26,128,1,8,233,,
2017-10-27,280,0,8,477,,
2017-10-28,178,6,0,190,,
2017-10-30,,4,2,,248,147
2017-10-31,,3,3,,580,157
2017-11-01,,5,5,,447,258
2017-11-02,,9,5,,388,140
2017-11-03,,1,7,,137,124
2017-11-04,,1,9,,245,577
2017-11-06,,3,7,,229,368
2017-11-07,,2,5,,138,249
2017-11-08,,7,8,,124,125
2017-11-09,,1,0,,560,118
2017-11-10,,9,3,,379,670
2017-11-11,,4,2,,167,228
2017-11-13,,6,0,,358,479
2017-11-14,,9,7,,360,160
2017-11-15,,6,7,,367,467
2017-11-16,,0,8,,460,440
2017-11-17,,4,5,,400,249
2017-11-18,,4,2,,167,336
2017-11-20,,1,7,,290,467
2017-11-21,,2,9,,246,360
2017-11-22,,6,8,,790,459
2017-11-23,,5,5,,690,267
2017-11-24,,5,6,,129,556
2017-11-25,,7,0,,124,479
2017-11-27,,8,7,,260,179
2017-11-28,,3,7,,689,160
2017-11-29,,4,2,,455,480
2017-11-30,,9,1,,478,100
2017-12-01,,5,6,,267,457
2017-12-02,,8,4,,567,130
2017-12-04,,1,9,,236,568
2017-12-05,,5,3,,339,346
2017-12-06,,3,8,,256,350
2017-12-07,,7,8,,278,279
2017-12-08,,5,6,,348,880
2017-12-09,,8,1,,224,290
2017-12-11,,1,5,,380,780
2017-12-12,,7,7,,269,890
2017-12-13,,5,8,,249,459
2017-12-14,,4,4,,356,590
2017-12-15,,7,9,,223,577
2017-12-16,,8,0,,350,136
2017-12-18,,4,0,,239,127
2017-12-19,,0,7,,280,124
2017-12-20,,7,1,,359,489
2017-12-21,,7,2,,467,246
2017-12-22,,1,2,,380,480
2017-12-23,,7,6,,278,268
2017-12-24,,8,3,,170,229
2017-12-25,,6,1,,899,579
2017-12-26,,1,3,,489,148
2017-12-27,,0,2,,280,246
2017-12-28,899,6,1,579,,
2017-12-29,489,1,3,148,,
2017-12-30,280,0,2,246,,
2018-01-01,,7,8,,278,134
2018-01-02,,1,1,,155,137
2018-01-03,,5,2,,230,345
2018-01-04,,0,0,,190,488
2018-01-05,,4,8,,167,369
2018-01-06,,6,2,,358,129
2018-01-08,,7,1,,115,470
2018-01-09,,2,1,,390,489
2018-01-10,,1,9,,560,289
2018-01-11,,5,6,,780,114
2018-01-12,,0,4,,389,347
2018-01-13,,1,0,,335,190
2018-01-14,,2,5,,589,168
2018-01-15,,3,9,,689,135
2018-01-16,,2,0,,156,578
2018-01-17,,8,7,,116,467
2018-01-18,,2,2,,570,390
2018-01-19,,0,2,,460,688
2018-01-20,,4,5,,590,177
2018-01-22,,7,6,,890,457
2018-01-23,,7,4,,340,149
2018-01-24,,8,0,,260,668
2018-01-25,,2,7,,228,458
2018-01-26,,*,*,,***,***
2018-01-27,,3,1,,670,380
2018-01-29,,8,4,,170,167
2018-01-30,,4,3,,158,148
2018-01-31,,0,4,,118,220
2018-02-01,,3,0,,670,370
2018-02-02,,3,9,,148,379
2018-02-03,,7,1,,223,380
2018-02-05,,3,8,,580,369
2018-02-06,,9,3,,199,139
2018-02-07,,0,2,,280,129
2018-02-08,,0,9,,190,360
2018-02-09,,6,1,,178,137
2018-02-10,,0,5,,136,258
2018-02-12,,5,5,,177,168
2018-02-13,,8,8,,224,350
2018-02-14,,9,7,,360,179
2018-02-15,,3,4,,120,130
2018-02-16,,2,1,,679,290
2018-02-17,,6,8,,600,567
2018-02-19,,1,4,,110,130
2018-02-20,,4,1,,590,236
2018-02-21,,0,2,,145,660
2018-02-22,,8,9,,134,450
2018-02-23,,9,3,,117,247
2018-02-24,,3,3,,346,256
2018-02-26,,9,4,,135,446
2018-02-27,,2,2,,679,156
2018-02-28,,0,0,,190,370
2018-03-01,,3,5,,689,230
2018-03-02,,*,*,,***,***
2018-03-03,,4,9,,158,559
2018-03-05,,6,6,,790,178
2018-03-06,,7,6,,458,358
2018-03-07,,1,0,,245,000
2018-03-08,,0,2,,190,156
2018-03-09,,2,8,,246,125
2018-03-10,,1,5,,290,177
2018-03-12,,1,3,,119,670
2018-03-13,,3,1,,148,290
2018-03-14,,9,0,,360,668
2018-03-15,,8,8,,134,125
2018-03-16,,8,1,,990,560
2018-03-17,,6,8,,259,369
2018-03-19,,0,2,,389,200
2018-03-20,,6,5,,268,258
2018-03-21,,4,4,,248,239
2018-03-22,,6,1,,240,560
2018-03-23,,9,4,,478,257
2018-03-24,,0,1,,370,100
2018-03-26,,8,2,,369,129
2018-03-27,,1,6,,155,178
2018-03-28,,6,0,,123,244
2018-03-29,,8,5,,125,889
2018-03-30,,6,2,,268,138
2018-03-31,,0,3,,118,689
2018-04-02,,0,8,,127,567
2018-04-03,,8,2,,134,147
2018-04-04,,3,2,,300,679
2018-04-05,,3,1,,148,128
2018-04-06,,7,4,,700,239
2018-04-07,,7,5,,269,159
2018-04-09,,0,7,,488,160
2018-04-10,,5,6,,348,448
2018-04-11,,8,3,,468,788
2018-04-12,,9,7,,388,359
2018-04-13,,9,4,,180,590
2018-04-14,,0,1,,226,669
2018-04-16,,8,2,,378,237
2018-04-17,,0,0,,370,136
2018-04-18,,6,4,,448,248
2018-04-19,,4,1,,789,678
2018-04-20,,9,6,,559,349
2018-04-21,,6,8,,367,260
2018-04-22,,0,0,,280,190
2018-04-23,,6,0,,350,136
2018-04-24,,2,1,,156,344
2018-04-25,,0,5,,460,447
2018-04-26,,4,5,,220,249
2018-04-27,,2,7,,570,449
2018-04-28,,8,8,,378,350
2018-04-30,,4,4,,239,347
2018-05-01,,1,9,,380,270
2018-05-02,,2,6,,110,790
2018-05-03,,8,4,,279,112
2018-05-04,,7,9,,467,568
2018-05-05,,8,4,,990,130
2018-05-07,,8,6,,378,349
2018-05-08,,4,9,,266,360
2018-05-09,,2,8,,499,260
2018-05-10,,6,0,,367,488
2018-05-11,,5,2,,230,589
2018-05-12,,2,4,,480,680
2018-05-14,,1,5,,380,357
2018-05-15,,8,0,,440,488
2018-05-16,,0,9,,370,126
2018-05-17,,9,2,,450,570
2018-05-18,,5,5,,348,230
2018-05-19,,0,4,,569,400
2018-05-21,,5,0,,267,578
2018-05-22,,7,2,,160,156
2018-05-23,,1,0,,146,668
2018-05-24,,9,9,,234,450
2018-05-25,,3,5,,229,177
2018-05-26,,9,2,,450,138
2018-05-28,,0,6,,190,330
2018-05-29,,4,8,,239,260
2018-05-30,,3,1,,166,399
2018-05-31,,3,3,,670,580
2018-06-01,,9,2,,360,570
2018-06-02,,3,4,,256,130
2018-06-04,,1,9,,137,568
2018-06-05,,6,9,,277,180
2018-06-06,,1,7,,579,269
2018-06-07,,5,6,,500,899
2018-06-08,,5,5,,168,889
2018-06-09,,6,8,,178,125
2018-06-11,,9,6,,568,150
2018-06-12,,2,8,,480,440
2018-06-13,,4,5,,112,159
2018-06-14,,9,5,,478,456
2018-06-15,,3,4,,157,149
2018-06-16,,*,*,,***,***
2018-06-18,,5,1,,456,579
2018-06-19,,5,7,,690,133
2018-06-20,,8,8,,477,468
2018-06-21,,0,1,,677,236
2018-06-22,,8,6,,468,169
2018-06-23,,4,9,,356,568
2018-06-25,,8,7,,800,179
2018-06-26,,5,0,,690,578
2018-06-27,,1,1,,560,678
2018-06-28,,4,0,,590,118
2018-06-29,,0,5,,370,249
2018-06-30,,4,3,,149,238
2018-07-02,,2,7,,156,458
2018-07-03,,5,1,,258,100
2018-07-04,,4,1,,167,560
2018-07-05,,7,4,,566,130
2018-07-06,,3,7,,120,124
2018-07-07,,5,0,,267,370
2018-07-09,,3,4,,139,248
2018-07-10,,4,6,,149,880
2018-07-11,,4,5,,167,249
2018-07-12,,2,5,,778,140
2018-07-13,,0,9,,460,234
2018-07-14,,1,8,,579,800
2018-07-16,,0,3,,488,346
2018-07-17,,8,2,,378,138
2018-07-18,,0,4,,578,112
2018-07-19,,9,7,,667,359
2018-07-20,,6,5,,259,357
2018-07-21,,9,9,,225,135
2018-07-23,,7,8,,566,459
2018-07-24,,2,7,,480,250
2018-07-25,,8,9,,459,478
2018-07-26,,2,0,,589,389
2018-07-27,,2,9,,679,225
2018-07-28,,7,1,,359,579
2018-07-30,,5,3,,267,139
2018-07-31,,8,4,,233,789
2018-08-01,,2,3,,679,689
2018-08-02,,7,9,,115,126
2018-08-03,,6,5,,790,168
2018-08-04,,2,3,,390,157
2018-08-06,,7,5,,188,456
2018-08-07,,6,5,,123,140
2018-08-08,,9,1,,135,335
2018-08-09,,7,1,,340,470
2018-08-10,,9,4,,469,130
2018-08-11,,3,1,,779,678
2018-08-13,,9,4,,270,789
2018-08-14,,6,8,,330,558
2018-08-15,,*,*,,***,***
2018-08-16,,2,0,,390,127
2018-08-17,,4,0,,112,569
2018-08-18,,8,2,,800,138
2018-08-20,,6,6,,178,169
2018-08-21,,7,3,,566,139
2018-08-22,,3,9,,157,568
2018-08-23,,6,3,,259,689
2018-08-24,,2,8,,688,369
2018-08-25,,2,5,,589,799
2018-08-27,,9,3,,469,337
2018-08-28,,6,9,,268,379
2018-08-29,,8,1,,369,470
2018-08-30,,2,7,,570,458
2018-08-31,,1,1,,579,588
2018-09-01,,9,3,,667,157
2018-09-03,,1,5,,128,357
2018-09-04,,0,7,,136,566
2018-09-05,,2,7,,499,160
2018-09-06,,8,3,,134,139
2018-09-07,,3,0,,247,299
2018-09-08,,3,8,,139,170
2018-09-10,,8,6,,800,178
2018-09-11,,1,1,,380,146
2018-09-12,,0,9,,550,360
2018-09-13,,1,0,,146,479
2018-09-14,,9,2,,469,679
2018-09-15,,7,7,,340,124
2018-09-17,,5,7,,447,278
2018-09-18,,5,2,,168,129
2018-09-19,,1,8,,290,440
2018-09-20,,5,3,,159,157
2018-09-21,,2,0,,147,136
2018-09-22,,2,4,,390,446
2018-09-24,,7,5,,249,348
2018-09-25,,5,8,,366,170
2018-09-26,,6,1,,259,290
2018-09-27,,9,4,,379,789
2018-09-28,,1,2,,579,660
2018-09-29,,4,4,,257,699
2018-10-01,,5,6,,889,259
2018-10-02,,3,1,,120,128
2018-10-03,,5,7,,267,467
2018-10-04,,8,3,,260,120
2018-10-05,,0,8,,370,990
2018-10-06,,1,7,,344,557
2018-10-08,,4,4,,590,167
2018-10-09,,0,6,,334,367
2018-10-10,,5,0,,230,136
2018-10-11,,0,3,,127,256
2018-10-12,,6,0,,330,145
2018-10-13,,4,2,,158,237
2018-10-15,,2,0,,138,370
2018-10-16,,9,2,,900,129
2018-10-17,,6,1,,259,669
2018-10-18,,7,3,,223,670
2018-10-19,,1,6,,380,268
2018-10-20,,5,5,,780,348
2018-10-22,,6,8,,790,350
2018-10-23,,1,4,,560,590
2018-10-24,,0,3,,488,148
2018-10-25,,7,7,,566,250
2018-10-26,,5,6,,140,556
2018-10-27,,0,0,,370,136
2018-10-29,,5,3,,249,256
2018-10-30,,2,7,,480,179
2018-10-31,,6,6,,790,349
2018-11-01,,2,1,,129,399
2018-11-02,,7,0,,250,460
2018-11-03,,*,*,,***,***
2018-11-12,,0,6,,334,457
2018-11-13,,7,1,,278,128
2018-11-14,,6,8,,349,279
2018-11-15,,4,2,,167,138
2018-11-16,,9,8,,199,134
2018-11-17,,1,2,,236,679
2018-11-19,,3,8,,238,558
2018-11-20,,0,6,,136,123
2018-11-21,,5,2,,456,679
2018-11-22,,6,2,,114,156
2018-11-23,,8,4,,125,167
2018-11-24,,8,3,,170,229
2018-11-26,,7,2,,359,246
2018-11-27,,9,4,,112,135
2018-11-28,,7,0,,179,389
2018-11-29,,9,5,,559,159
2018-11-30,,0,7,,569,340
2018-12-01,,0,4,,479,680
2018-12-03,,1,6,,128,169
2018-12-04,,9,1,,667,137
2018-12-05,,9,2,,289,228
2018-12-06,,9,2,,289,228
2018-12-07,,4,1,,167,380
2018-12-08,,4,4,,347,158
2018-12-10,,6,8,,169,125
2018-12-11,,8,8,,288,189
2018-12-12,,0,2,,389,255
2018-12-13,,4,6,,130,358
2018-12-14,,8,3,,378,148
2018-12-15,,2,4,,778,789
2018-12-17,,1,0,,128,578
2018-12-18,,0,6,,569,240
2018-12-19,,5,0,,447,479
2018-12-20,,9,9,,117,126
2018-12-21,,0,8,,127,134
2018-12-22,,9,6,,379,150
2018-12-24,,4,4,,455,167
2018-12-25,,6,9,,178,270
2018-12-26,,0,3,,550,670
2018-12-27,,1,0,,137,136
2018-12-28,,3,1,,120,470
2018-12-29,,1,6,,335,240
2018-12-31,,7,0,,269,299
2019-01-01,,9,8,,234,170
2019-01-02,,7,1,,458,128
2019-01-03,,6,0,,259,190
2019-01-04,,8,2,,189,156
2019-01-05,,4,6,,239,600
2019-01-07,,2,7,,390,124
2019-01-08,,7,3,,700,346
2019-01-09,,1,0,,669,127
2019-01-10,,1,3,,380,346
2019-01-11,,6,9,,556,469
2019-01-12,,7,0,,269,370
2019-01-21,,4,7,,239,250
2019-01-22,,9,3,,289,139
2019-01-23,,8,3,,567,148
2019-01-24,,0,6,,488,240
2019-01-25,,0,8,,145,233
2019-01-26,,*,*,,***,***
2019-01-28,,1,7,,399,449
2019-01-29,,8,2,,125,129
2019-01-30,,1,1,,290,236
2019-01-31,,3,7,,166,340
2019-02-01,,3,6,,139,367
2019-02-02,,2,3,,688,238
2019-02-04,,2,0,,129,226
2019-02-05,,7,5,,124,339
2019-02-06,,4,9,,248,180
2019-02-07,,2,7,,147,124
2019-02-08,,9,3,,144,148
2019-02-09,,7,6,,179,178
2019-02-11,,6,1,,466,470
2019-02-12,,5,4,,168,158
2019-02-13,,3,4,,238,680
2019-02-14,,1,1,,579,678
2019-02-15,,1,6,,146,349
2019-02-16,,4,8,,680,125
2019-02-18,,7,7,,115,179
2019-02-19,,8,3,,468,238
2019-02-20,,9,4,,478,167
2019-02-21,,3,2,,157,499
2019-02-22,,2,3,,246,139
2019-02-23,,8,9,,170,199
2019-02-25,,9,1,,478,128
2019-02-26,,8,2,,558,679
2019-02-27,,5,1,,780,489
2019-02-28,,0,5,,370,799
2019-03-01,,2,0,,390,136
2019-03-02,,9,9,,667,144
2019-03-04,,1,6,,489,178
2019-03-05,,4,0,,167,460
2019-03-06,,0,4,,127,239
2019-03-07,,2,9,,679,199
2019-03-08,,7,9,,133,469
2019-03-09,,1,0,,399,127
2019-03-11,,3,8,,139,800
2019-03-12,,9,4,,199,347
2019-03-13,,5,5,,690,348
2019-03-14,,3,0,,689,488
2019-03-15,,8,0,,369,136
2019-03-16,,5,8,,348,459
2019-03-18,,4,3,,112,157
2019-03-19,,1,4,,335,239
2019-03-20,,2,9,,336,135
2019-03-21,,*,*,,***,***
2019-03-22,,1,0,,236,488
2019-03-23,,0,2,,127,679
2019-03-25,,3,0,,256,479
2019-03-26,,9,8,,270,440
2019-03-27,,1,5,,380,779
2019-03-28,,8,4,,350,130
2019-03-29,,6,9,,259,180
2019-03-30,,9,3,,478,670
2019-04-01,,0,4,,235,158
2019-04-02,,4,0,,699,127
2019-04-03,,5,7,,690,269
2019-04-04,,8,0,,233,280
2019-04-05,,7,8,,269,288
2019-04-06,,5,1,,249,470
2019-04-08,,7,3,,359,139
2019-04-09,,1,6,,489,790
2019-04-10,,8,4,,189,149
2019-04-11,,2,4,,138,266
2019-04-12,,4,7,,356,368
2019-04-13,,9,7,,135,269
2019-04-15,,9,6,,469,600
2019-04-16,,6,8,,259,567
2019-04-17,,7,2,,340,499
2019-04-18,,0,4,,460,680
2019-04-19,,2,3,,200,256
2019-04-20,,1,5,,489,366
2019-04-29,,0,4,,190,158
2019-04-30,,7,4,,457,356
2019-05-01,,1,1,,137,236
2019-05-02,,5,2,,889,345
2019-05-03,,6,5,,178,230
2019-05-04,,6,6,,600,358
2019-05-06,,8,4,,170,400
2019-05-07,,0,8,,370,189
2019-05-08,,8,3,,459,120
2019-05-09,,6,9,,448,568
2019-05-10,,7,6,,566,114
2019-05-11,,7,1,,359,489
2019-05-13,,2,0,,480,280
2019-05-14,,4,1,,770,470
2019-05-15,,9,7,,180,278
2019-05-16,,4,2,,338,129
2019-05-17,,1,8,,128,369
2019-05-18,,8,0,,288,578
2019-05-20,,9,7,,577,458
2019-05-21,,7,3,,278,580
2019-05-22,,0,7,,569,467
2019-05-23,,4,2,,167,660
2019-05-24,,2,1,,689,290
2019-05-25,,8,5,,116,267
2019-05-27,,5,4,,780,130
2019-05-28,,1,7,,137,890
2019-05-29,,9,9,,270,577
2019-05-30,,4,0,,130,280
2019-05-31,,8,4,,134,257
2019-06-01,,4,3,,356,120
2019-06-03,,5,2,,447,138
2019-06-04,,5,4,,267,680
2019-06-05,,1,1,,380,137
2019-06-06,,9,1,,900,489
2019-06-07,,7,3,,377,139
2019-06-08,,1,4,,236,347
2019-06-10,,2,2,,200,237
2019-06-11,,6,8,,123,170
2019-06-12,,1,1,,146,579
2019-06-13,,6,0,,169,569
2019-06-14,,2,8,,138,170
2019-06-15,,3,2,,337,679
2019-06-17,,7,7,,557,179
2019-06-18,,6,3,,240,300
2019-06-19,,5,2,,690,480
2019-06-20,,7,5,,368,249
2019-06-21,,7,1,,340,128
2019-06-22,,2,0,,138,370
2019-06-24,,0,9,,280,270
2019-06-25,,5,4,,267,167
2019-06-26,,6,0,,899,460
2019-06-27,,3,6,,148,169
2019-06-28,,5,5,,122,780
2019-06-29,,6,0,,123,299
2019-07-01,,8,1,,233,128
2019-07-02,,4,0,,149,460
2019-07-03,,5,6,,159,349
2019-07-04,,7,9,,890,199
2019-07-05,,5,1,,357,179
2019-07-06,,9,1,,577,128
2019-07-08,,8,2,,125,480
2019-07-09,,9,8,,568,260
2019-07-10,,5,4,,357,257
2019-07-11,,0,5,,460,267
2019-07-12,,1,0,,335,136
2019-07-13,,3,4,,148,356
2019-07-15,,7,7,,566,269
2019-07-16,,2,3,,390,346
2019-07-17,,1,7,,236,160
2019-07-18,,6,5,,259,267
2019-07-19,,8,5,,800,230
2019-07-20,,8,3,,369,445
2019-07-22,,7,1,,890,560
2019-07-23,,9,9,,478,289
2019-07-24,,1,3,,236,346
2019-07-25,,4,0,,239,118
2019-07-26,,8,7,,279,278
2019-07-27,,3,0,,355,244
2019-07-29,,0,1,,569,236
2019-07-30,,2,1,,255,678
2019-07-31,,5,2,,889,129
2019-08-01,,1,4,,290,149
2019-08-02,,7,3,,188,120
2019-08-03,,3,0,,157,344
2019-08-05,,8,8,,378,233
2019-08-06,,0,5,,780,127
2019-08-07,,0,5,,569,690
2019-08-08,,4,1,,455,669
2019-08-09,,9,0,,568,145
2019-08-10,,5,9,,267,469
2019-08-12,,6,3,,240,148
2019-08-13,,3,1,,300,579
2019-08-14,,7,0,,566,569
2019-08-15,,*,*,,***,***
2019-08-16,,3,4,,670,130
2019-08-17,,1,5,,245,122
2019-08-19,,5,0,,113,370
2019-08-20,,6,9,,240,568
2019-08-21,,6,1,,790,380
2019-08-22,,3,8,,490,116
2019-08-23,,5,0,,280,370
2019-08-24,,8,6,,260,268
2019-08-26,,2,9,,390,135
2019-08-27,,6,2,,358,110
2019-08-28,,4,2,,446,570
2019-08-29,,7,3,,133,670
2019-08-30,,3,8,,247,260
2019-08-31,,2,1,,129,245
2019-09-02,,0,5,,370,447
2019-09-03,,7,1,,160,344
2019-09-04,,3,7,,247,124
2019-09-05,,7,1,,278,146
2019-09-06,,9,0,,135,299
2019-09-07,,0,1,,334,470
2019-09-09,,2,9,,570,478
2019-09-10,,8,4,,350,112
2019-09-11,,7,0,,700,280
2019-09-12,,4,3,,789,788
2019-09-13,,6,7,,367,269
2019-09-14,,9,4,,568,347
2019-09-16,,7,7,,223,458
2019-09-17,,7,6,,360,790
2019-09-18,,3,9,,580,360
2019-09-19,,3,1,,157,669
2019-09-20,,1,8,,146,279
2019-09-21,,3,0,,148,677
2019-09-23,,9,6,,135,178
2019-09-24,,1,4,,399,167
2019-09-25,,4,3,,257,238
2019-09-26,,6,5,,899,500
2019-09-27,,3,0,,157,235
2019-09-28,,0,7,,578,160
2019-09-30,,5,2,,889,679
2019-10-01,,1,5,,227,780
2019-10-02,,1,3,,128,580
2019-10-03,,3,7,,120,160
2019-10-04,,4,5,,590,230
2019-10-05,,9,7,,270,250
2019-10-07,,7,9,,359,469
2019-10-08,,3,0,,157,488
2019-10-09,,1,2,,335,679
2019-10-10,,7,5,,250,168
2019-10-11,,2,6,,480,178
2019-10-12,,6,4,,899,789
2019-10-14,,0,0,,136,334
2019-10-15,,4,3,,220,788
2019-10-16,,9,9,,360,478
2019-10-17,,6,5,,277,690
2019-10-18,,0,4,,190,248
2019-10-19,,4,1,,680,146
2019-10-27,,3,8,,300,134
2019-10-28,,*,*,,***,***
2019-10-29,,*,*,,***,***
2019-10-30,,*,*,,***,***
2019-10-31,,*,*,,***,***
2019-11-01,,*,*,,***,***
2019-11-02,,*,*,,***,***
2019-11-04,,2,3,,589,157
2019-11-05,,9,6,,360,790
2019-11-06,,0,1,,668,489
2019-11-07,,9,5,,180,690
2019-11-08,,2,3,,345,139
2019-11-09,,7,8,,449,125
2019-11-11,,2,7,,156,359
2019-11-12,,5,5,,230,258
2019-11-13,,7,0,,340,299
2019-11-14,,3,8,,229,279
2019-11-15,,0,3,,145,689
2019-11-16,,1,2,,146,480
2019-11-18,,6,5,,268,258
2019-11-19,,4,5,,248,500
2019-11-20,,7,2,,188,147
2019-11-21,,1,1,,236,290
2019-11-22,,0,8,,235,189
2019-11-23,,7,6,,179,114
2019-11-25,,8,3,,125,120
2019-11-26,,1,2,,335,129
2019-11-27,,2,8,,156,260
2019-11-28,,0,7,,136,269
2019-11-29,,8,9,,990,360
2019-11-30,,0,2,,280,138
2019-12-02,,1,6,,236,600
2019-12-03,,6,4,,457,167
2019-12-04,,6,2,,123,660
2019-12-05,,8,8,,288,134
2019-12-06,,0,2,,334,110
2019-12-07,,4,5,,167,339
2019-12-09,,8,4,,125,789
2019-12-10,,8,9,,134,180
2019-12-11,,9,1,,568,119
2019-12-12,,9,3,,360,580
2019-12-13,,1,6,,119,790
2019-12-14,,9,1,,117,560
2019-12-16,,8,4,,125,158
2019-12-17,,1,6,,245,600
2019-12-18,,8,8,,279,350
2019-12-19,,5,5,,249,140
2019-12-20,,0,3,,479,599
2019-12-21,,0,1,,488,588
2019-12-23,,5,0,,267,127
2019-12-24,,6,1,,880,137
2019-12-25,,4,9,,680,117
2019-12-26,,2,9,,390,379
2019-12-27,,0,0,,334,136
2019-12-28,,0,5,,460,122
2019-12-30,,2,4,,788,400
2019-12-31,,7,7,,124,340
2020-01-01,,6,9,,169,469
2020-01-02,,4,6,,130,150
2020-01-03,,7,7,,340,269
2020-01-04,,7,5,,160,690
2020-01-05,,0,7,,136,458
2020-01-06,,7,6,,467,899
2020-01-07,,9,9,,360,379
2020-01-08,,8,5,,477,267
2020-01-09,,7,0,,359,578
2020-01-10,,4,6,,239,268
2020-01-11,,*,*,,***,***
2020-01-13,,9,8,,469,189
2020-01-14,,0,8,,569,116
2020-01-15,,1,3,,146,670
2020-01-16,,1,3,,146,670
2020-01-17,,7,6,,269,600
2020-01-18,,1,9,,560,225
2020-01-20,,8,8,,459,369
2020-01-21,,2,0,,660,334
2020-01-22,,6,8,,349,189
2020-01-23,,1,3,,155,238
2020-01-24,,3,3,,445,346
2020-01-25,,9,6,,478,150
2020-01-27,,6,4,,169,158
2020-01-28,,1,5,,119,249
2020-01-29,,5,1,,258,146
2020-01-30,,9,3,,289,689
2020-01-31,,7,2,,223,129
2020-02-01,,2,8,,589,116
2020-02-03,,6,9,,259,289
2020-02-04,,9,5,,568,780
2020-02-05,,5,0,,799,389
2020-02-06,,1,1,,579,579
2020-02-07,,5,8,,690,558
2020-02-08,,2,2,,390,200
2020-02-10,,9,1,,270,380
2020-02-11,,0,7,,118,340
2020-02-12,,7,3,,278,779
2020-02-13,,0,5,,299,249
2020-02-14,,2,4,,246,400
2020-02-15,,1,8,,579,288
2020-02-17,,0,1,,145,290
2020-02-18,,2,0,,246,127
2020-02-19,,6,8,,358,800
2020-02-20,,4,1,,257,489
2020-02-21,,1,7,,579,250
2020-02-22,,2,2,,158,338
2020-02-24,,3,1,,157,245
2020-02-25,,1,7,,146,179
2020-02-26,,3,0,,445,569
2020-02-27,,5,3,,249,490
2020-02-28,,3,0,,445,569
2020-02-29,,0,9,,235,126
2020-03-02,,9,1,,667,245
2020-03-03,,0,2,,145,246
2020-03-04,,1,4,,380,266
2020-03-05,,9,0,,144,190
2020-03-06,,6,7,,178,188
2020-03-07,,0,1,,460,146
2020-03-09,,7,3,,890,580
2020-03-10,,*,*,,***,***
2020-03-11,,2,6,,688,169
2020-03-12,,4,2,,257,499
2020-03-13,,5,0,,258,370
2020-03-14,,4,8,,680,233
2020-03-16,,3,3,,490,148
2020-03-17,,9,5,,126,889
2020-03-18,,5,8,,168,260
2020-03-19,,1,9,,380,360
2020-03-20,,9,7,,667,115
2020-03-21,,8,2,,468,345
2020-03-23,,6,3,,150,157
2020-03-24,,2,5,,679,366
2020-03-25,,9,0,,568,136
2020-03-26,,8,4,,459,167
2020-03-27,,8,3,,567,247
2020-03-28,,4,2,,770,129
2020-03-30,,0,5,,460,690
2020-03-31,,5,2,,258,138
2020-04-01,,3,0,,256,127
2020-04-02,,9,7,,117,179
2020-04-03,,2,8,,138,378
2020-04-04,,4,3,,220,670
2020-04-06,,6,7,,240,160
2020-04-07,,0,3,,389,229
2020-04-08,,8,5,,459,249
2020-04-09,,6,7,,114,467
2020-04-10,,8,3,,170,256
2020-04-11,,1,8,,227,189
2020-04-13,,7,0,,269,127
2020-04-14,,0,9,,578,289
2020-04-15,,2,2,,589,390
2020-04-16,,4,9,,455,135
2020-04-17,,6,7,,178,124
2020-04-18,,3,3,,157,490
2020-04-20,,5,5,,140,889
2020-04-21,,2,6,,336,240
2020-04-22,,1,0,,489,280
2020-04-23,,0,8,,370,369
2020-04-24,,7,0,,566,460
2020-04-25,,4,1,,590,380
2020-04-27,,4,0,,248,118
2020-04-28,,9,5,,180,366
2020-04-29,,9,7,,450,458
2020-04-30,,7,9,,160,568
2020-05-01,,2,8,,200,189
2020-05-02,,6,9,,259,469
2020-05-04,,1,2,,236,345
2020-05-05,,0,6,,668,259
2020-05-06,,5,5,,267,456
2020-05-07,,9,1,,199,236
2020-05-08,,4,4,,167,257
2020-05-09,,5,2,,456,679
2020-05-11,,2,1,,660,560
2020-05-12,,1,6,,137,178
2020-05-13,,8,3,,477,148
2020-05-14,,7,7,,359,179
2020-05-15,,4,2,,789,589
2020-05-16,,8,0,,369,235
2020-05-18,,4,4,,680,590
2020-05-19,,6,4,,790,347
2020-05-20,,1,3,,245,300
2020-05-21,,0,3,,569,139
2020-05-22,,6,1,,178,560
2020-05-23,,1,2,,119,390
2020-05-25,,0,0,,334,244
2020-05-26,,3,4,,120,248
2020-05-27,,2,7,,480,467
2020-05-28,,0,2,,460,138
2020-05-29,,3,9,,247,379
2020-05-30,,6,4,,448,455
2020-06-01,,4,0,,149,145
2020-06-02,,6,2,,457,156
2020-06-03,,1,7,,227,368
2020-06-04,,0,2,,488,129
2020-06-05,,3,5,,580,348
2020-06-06,,1,7,,128,359
2020-06-15,,8,7,,134,340
2020-06-16,,5,3,,780,300
2020-06-17,,8,0,,224,479
2020-06-18,,0,4,,460,149
2020-06-19,,4,6,,158,150
2020-06-20,,0,8,,136,378
2020-06-21,,4,2,,356,688
2020-06-22,,6,0,,466,136
2020-06-23,,6,9,,259,900
2020-06-24,,0,7,,479,467
2020-06-25,,9,9,,559,126
2020-06-26,,3,3,,166,157
2020-06-27,,9,2,,180,345
2020-06-29,,0,8,,479,279
2020-06-30,,3,6,,238,114
2020-07-01,,1,2,,227,570
2020-07-02,,5,6,,780,123
2020-07-03,,4,0,,789,569
2020-07-04,,9,2,,270,480
2020-07-06,,5,1,,177,678
2020-07-07,,0,9,,127,126
2020-07-08,,3,2,,157,499
2020-07-09,,0,6,,488,358
2020-07-10,,8,4,,125,266
2020-07-11,,5,6,,168,899
2020-07-13,,1,6,,489,178
2020-07-14,,9,3,,135,337
2020-07-15,,8,4,,233,257
2020-07-16,,1,7,,245,359
2020-07-17,,0,9,,479,577
2020-07-18,,5,4,,249,789
2020-07-20,,5,8,,348,558
2020-07-21,,7,0,,890,569
2020-07-22,,1,6,,290,259
2020-07-23,,5,7,,168,467
2020-07-24,,0,1,,145,128
2020-07-25,,6,8,,790,378
2020-07-27,,7,2,,458,228
2020-07-28,,2,9,,660,360
2020-07-29,,0,0,,235,145
2020-07-30,,8,5,,468,122
2020-07-31,,5,0,,113,460
2020-08-01,,6,7,,240,269
2020-08-03,,7,4,,467,167
2020-08-04,,0,5,,668,140
2020-08-05,,1,8,,128,125
2020-08-06,,5,4,,447,680
2020-08-07,,5,9,,159,478
2020-08-08,,2,5,,679,168
2020-08-10,,6,6,,150,457
2020-08-11,,0,2,,160,688
2020-08-12,,1,4,,579,789
2020-08-13,,0,0,,334,145
2020-08-14,,7,9,,700,379
2020-08-15,,*,*,,***,***
2020-08-17,,9,6,,450,367
2020-08-18,,1,2,,380,246
2020-08-19,,9,5,,270,249
2020-08-20,,8,1,,567,335
2020-08-21,,4,6,,680,349
2020-08-22,,5,1,,113,579
2020-08-24,,6,4,,790,455
2020-08-25,,7,8,,170,260
2020-08-26,,5,9,,113,360
2020-08-27,,2,3,,570,355
2020-08-28,,2,7,,345,700
2020-08-29,,9,9,,234,126
2020-08-31,,6,3,,466,670
2020-09-01,,8,9,,459,478
2020-09-02,,2,7,,147,250
2020-09-03,,6,4,,178,124
2020-09-04,,9,0,,388,668
2020-09-05,,7,0,,458,235
2020-09-07,,4,5,,680,159
2020-09-08,,4,9,,149,289
2020-09-09,,3,5,,247,889
2020-09-10,,1,2,,588,138
2020-09-11,,8,4,,800,680
2020-09-12,,4,9,,167,126
2020-09-14,,2,4,,499,789
2020-09-15,,8,0,,369,190
2020-09-16,,5,8,,159,189
2020-09-17,,5,3,,690,490
2020-09-18,,2,6,,390,899
2020-09-19,,0,8,,127,459
2020-09-21,,3,3,,670,689
2020-09-22,,0,5,,235,500
2020-09-23,,8,4,,468,167
2020-09-24,,9,0,,270,460
2020-09-25,,5,3,,456,256
2020-09-26,,8,5,,170,780
2020-09-28,,9,9,,225,478
2020-09-29,,4,8,,130,369
2020-09-30,,0,8,,460,279
2020-10-01,,1,5,,489,267
2020-10-02,,6,8,,556,134
2020-10-03,,1,0,,470,479
2020-10-05,,5,3,,889,166
2020-10-06,,0,9,,569,190
2020-10-07,,8,6,,459,466
2020-10-08,,8,5,,350,456
2020-10-09,,0,5,,370,122
2020-10-10,,9,3,,180,670
2020-10-12,,4,8,,248,260
2020-10-13,,1,9,,146,360
2020-10-14,,8,1,,800,137
2020-10-15,,2,6,,228,169
2020-10-16,,0,3,,280,300
2020-10-17,,2,7,,156,160
2020-10-19,,8,8,,170,134
2020-10-20,,5,1,,456,100
2020-10-21,,7,7,,179,124
2020-10-22,,5,2,,357,237
2020-10-23,,2,1,,147,489
2020-10-24,,1,8,,669,260
2020-10-26,,7,1,,124,137
2020-10-27,,0,9,,118,559
2020-10-28,,2,2,,688,480
2020-10-29,,5,7,,456,458
2020-10-30,,4,6,,400,178
2020-10-31,,3,7,,229,368
2020-11-02,,4,0,,130,280
2020-11-03,,1,3,,380,689
2020-11-04,,3,3,,139,148
2020-11-05,,5,1,,780,100
2020-11-06,,1,9,,344,379
2020-11-07,,0,1,,118,489
2020-11-09,,*,*,,***,***
2020-11-10,,*,*,,***,***
2020-11-11,,*,*,,***,***
2020-11-12,,*,*,,***,***
2020-11-13,,*,*,,***,***
2020-11-14,,*,*,,***,***
2020-11-16,,9,5,,450,690
2020-11-17,,7,4,,124,149
2020-11-18,,2,5,,147,159
2020-11-19,,9,7,,360,179
2020-11-20,,6,8,,790,116
2020-11-21,,7,9,,359,469
2020-11-23,,2,1,,570,678
2020-11-24,,8,6,,990,790
2020-11-25,,0,4,,235,446
2020-11-26,,6,6,,367,123
2020-11-27,,1,5,,470,889
2020-11-28,,3,6,,490,448
2020-11-30,,9,7,,478,269
2020-12-01,,5,0,,690,370
2020-12-02,,8,1,,170,236
2020-12-03,,4,7,,112,467
2020-12-04,,0,1,,677,245
2020-12-05,,6,2,,457,129
2020-12-07,,9,4,,126,220
2020-12-08,,4,0,,239,127
2020-12-09,,8,5,,288,447
2020-12-10,,5,7,,780,890
2020-12-11,,3,4,,247,590
2020-12-12,,3,9,,580,180
2020-12-14,,2,5,,138,140
2020-12-15,,7,7,,359,566
2020-12-16,,2,0,,237,127
2020-12-17,,3,2,,256,129
2020-12-18,,7,9,,340,234
2020-12-19,,1,4,,236,220
2020-12-21,,2,1,,255,470
2020-12-22,,5,5,,159,690
2020-12-23,,6,3,,169,490
2020-12-24,,6,1,,268,119
2020-12-25,,3,7,,346,278
2020-12-26,,3,5,,779,690
2020-12-28,,7,1,,458,579
2020-12-29,,4,2,,158,589
2020-12-30,,4,4,,257,347
2020-12-31,,8,6,,468,367
2021-01-01,,8,2,,134,336
2021-01-02,,0,6,,226,169
2021-01-11,,6,8,,169,350
2021-01-12,,4,3,,400,157
2021-01-13,,1,6,,146,448
2021-01-14,,5,2,,258,138
2021-01-15,,5,1,,122,128
2021-01-16,,9,9,,568,180
2021-01-18,,9,4,,577,167
2021-01-19,,4,3,,257,779
2021-01-20,,7,9,,278,568
2021-01-21,,5,2,,249,237
2021-01-22,,1,1,,236,588
2021-01-23,,9,5,,180,113
2021-01-25,,4,7,,239,359
2021-01-26,,*,*,,***,***
2021-01-27,,0,5,,226,159
2021-01-28,,1,6,,146,259
2021-01-29,,7,7,,278,269
2021-01-30,,2,0,,679,118
2021-02-01,,6,9,,790,234
2021-02-02,,7,6,,160,259
2021-02-03,,7,8,,115,189
2021-02-04,,0,5,,190,267
2021-02-05,,5,9,,348,568
2021-02-06,,0,9,,334,667
2021-02-08,,8,0,,378,389
2021-02-09,,7,2,,890,200
2021-02-10,,2,2,,129,480
2021-02-11,,1,7,,579,188
2021-02-12,,5,6,,348,466
2021-02-13,,3,8,,445,260
2021-02-15,,5,5,,159,168
2021-02-16,,2,0,,246,569
2021-02-17,,2,4,,570,699
2021-02-18,,6,1,,358,560
2021-02-19,,0,0,,244,136
2021-02-20,,1,4,,137,789
2021-02-22,,2,1,,480,146
2021-02-23,,2,7,,255,557
2021-02-24,,9,4,,450,130
2021-02-25,,6,9,,268,379
2021-02-26,,0,6,,190,790
2021-02-27,,0,7,,334,223
2021-03-01,,1,0,,678,136
2021-03-02,,8,8,,134,567
2021-03-03,,4,2,,347,679
2021-03-04,,7,8,,340,990
2021-03-05,,2,4,,129,770
2021-03-06,,4,9,,158,450
2021-03-08,,8,3,,224,120
2021-03-09,,2,5,,679,113
2021-03-10,,0,6,,389,790
2021-03-11,,5,1,,140,290
2021-03-12,,6,6,,358,114
2021-03-13,,9,4,,577,680
2021-03-15,,0,9,,190,234
2021-03-16,,6,1,,457,380
2021-03-17,,4,3,,455,247
2021-03-18,,4,0,,266,479
2021-03-19,,8,2,,369,110
2021-03-20,,4,6,,347,150
2021-03-22,,5,9,,140,180
2021-03-23,,6,7,,790,700
2021-03-24,,6,0,,457,569
2021-03-25,,7,8,,223,459
2021-03-26,,1,7,,290,250
2021-03-27,,7,3,,124,148
2021-03-29,,*,*,,***,***
2021-03-30,,2,6,,138,259
2021-03-31,,0,8,,127,170
2021-04-01,,8,6,,800,330
2021-04-02,,1,7,,489,250
2021-04-03,,7,5,,179,267
2021-04-05,,1,9,,678,135
2021-04-06,,9,5,,225,168
2021-04-07,,4,0,,400,578
2021-04-08,,0,7,,235,160
2021-04-09,,6,2,,150,110
2021-04-10,,8,1,,189,119
2021-04-12,,7,0,,340,244
2021-04-13,,2,3,,156,238
2021-04-14,,4,0,,400,127
2021-04-15,,7,0,,250,479
2021-04-16,,2,3,,138,779
2021-04-17,,8,9,,468,478
2021-04-19,,7,9,,160,289
2021-04-20,,8,7,,233,278
2021-04-21,,1,0,,290,370
2021-04-22,,2,8,,138,350
2021-04-23,,2,2,,228,246
2021-04-24,,3,6,,256,367
2021-04-26,,8,0,,567,244
2021-04-27,,0,9,,127,469
2021-04-28,,4,6,,770,178
2021-04-29,,1,3,,146,599
2021-04-30,,1,4,,470,149
2021-05-01,,0,9,,244,667
2021-05-03,,7,7,,179,269
2021-05-04,,9,0,,126,190
2021-05-05,,9,4,,117,680
2021-05-06,,4,6,,590,114
2021-05-07,,9,5,,180,799
2021-05-08,,8,9,,189,379
2021-05-10,,4,1,,338,146
2021-05-11,,5,0,,140,389
2021-05-12,,4,7,,356,115
2021-05-13,,9,9,,478,469
2021-05-14,,7,2,,449,237
2021-05-15,,9,6,,469,349
2021-05-17,,2,1,,390,669
2021-05-18,,6,6,,358,268
2021-05-19,,9,5,,568,249
2021-05-20,,4,9,,590,225
2021-05-21,,0,6,,145,240
2021-05-22,,0,5,,677,366
2021-05-24,,6,0,,268,370
2021-05-25,,8,3,,369,148
2021-05-26,,9,0,,126,299
2021-05-27,,9,7,,568,269
2021-05-28,,4,1,,149,588
2021-05-29,,9,2,,289,237
2021-05-31,,6,7,,330,458
2021-06-01,,0,1,,280,128
2021-06-02,,7,5,,340,339
2021-06-03,,1,1,,146,155
2021-06-04,,0,7,,389,160
2021-06-05,,9,0,,478,235
2021-06-07,,9,5,,450,159
2021-06-08,,5,1,,799,236
2021-06-09,,6,5,,169,168
2021-06-10,,5,4,,366,338
2021-06-11,,4,6,,590,367
2021-06-12,,4,2,,400,570
2021-06-14,,2,0,,237,479
2021-06-15,,9,9,,568,289
2021-06-16,,6,5,,880,249
2021-06-17,,1,2,,380,246
2021-06-18,,7,5,,467,447
2021-06-19,,5,4,,366,347
2021-06-21,,1,9,,560,450
2021-06-22,,9,0,,577,235
2021-06-23,,4,1,,356,344
2021-06-24,,1,5,,470,500
2021-06-25,,7,6,,160,240
2021-06-26,,1,4,,227,149
2021-06-28,,9,8,,126,170
2021-06-29,,4,4,,590,220
2021-06-30,,2,6,,156,123
2021-07-01,,7,8,,890,125
2021-07-02,,2,4,,246,590
2021-07-03,,1,2,,155,237
2021-07-05,,0,9,,460,135
2021-07-06,,3,3,,355,139
2021-07-07,,4,7,,248,124
2021-07-08,,5,5,,140,113
2021-07-09,,7,9,,368,289
2021-07-10,,4,0,,770,190
2021-07-12,,8,2,,350,156
2021-07-13,,5,8,,456,440
2021-07-14,,6,8,,600,260
2021-07-15,,2,0,,138,136
2021-07-16,,5,7,,230,890
2021-07-17,,4,9,,158,568
2021-07-19,,3,5,,788,230
2021-07-20,,1,4,,290,239
2021-07-21,,2,7,,246,340
2021-07-22,,0,7,,569,890
2021-07-23,,9,8,,126,260
2021-07-24,,5,6,,690,240
2021-07-26,,2,8,,778,279
2021-07-27,,4,4,,446,356
2021-07-28,,3,1,,256,290
2021-07-29,,8,2,,279,390
2021-07-30,,8,0,,125,235
2021-07-31,,2,2,,255,200
2021-08-02,,9,2,,568,156
2021-08-03,,7,1,,458,245
2021-08-04,,1,5,,146,799
2021-08-05,,2,7,,129,179
2021-08-06,,6,1,,169,579
2021-08-07,,7,2,,449,679
2021-08-09,,2,3,,589,445
2021-08-10,,6,7,,367,359
2021-08-11,,1,5,,399,230
2021-08-12,,8,8,,116,125
2021-08-13,,0,3,,127,256
2021-08-14,,6,2,,330,499
2021-08-16,,2,2,,570,129
2021-08-17,,3,8,,256,260
2021-08-18,,2,3,,679,139
2021-08-19,,7,0,,359,488
2021-08-20,,3,4,,599,239
2021-08-21,,5,5,,113,168
2021-08-23,,7,7,,278,359
2021-08-24,,0,1,,688,146
2021-08-25,,6,5,,268,140
2021-08-26,,9,4,,469,590
2021-08-27,,1,2,,344,778
2021-08-28,,7,9,,000,568
2021-08-30,,2,5,,570,258
2021-08-31,,0,3,,136,689
2021-09-01,,9,5,,270,780
2021-09-02,,3,4,,337,590
2021-09-03,,2,5,,129,177
2021-09-04,,1,2,,560,345
2021-09-06,,4,7,,167,458
2021-09-07,,2,5,,390,339
2021-09-08,,4,7,,149,160
2021-09-09,,2,9,,778,135
2021-09-10,,9,6,,234,556
2021-09-11,,7,3,,250,120
2021-09-13,,1,8,,344,288
2021-09-14,,9,0,,568,280
2021-09-15,,4,3,,446,550
2021-09-16,,8,4,,260,167
2021-09-17,,5,5,,258,122
2021-09-18,,1,4,,470,130
2021-09-20,,3,1,,779,236
2021-09-21,,5,4,,230,130
2021-09-22,,7,0,,188,235
2021-09-23,,3,1,,157,245
2021-09-24,,9,8,,379,170
2021-09-25,,9,4,,360,266
2021-09-27,,8,0,,567,136
2021-09-28,,0,9,,460,225
2021-09-29,,4,0,,356,578
2021-09-30,,3,2,,148,480
2021-10-01,,2,4,,589,248
2021-10-02,,0,2,,235,679
2021-10-04,,8,5,,116,140
2021-10-05,,8,6,,990,358
2021-10-06,,2,3,,480,580
2021-10-07,,0,9,,145,234
2021-10-08,,3,5,,355,177
2021-10-09,,0,7,,136,890
2021-10-11,,8,8,,369,990
2021-10-12,,1,3,,399,689
2021-10-13,,2,8,,570,468
2021-10-14,,8,2,,260,390
2021-10-15,,7,7,,340,124
2021-10-16,,3,9,,337,180
2021-10-18,,4,3,,130,256
2021-10-19,,2,2,,345,688
2021-10-20,,5,7,,456,124
2021-10-21,,7,7,,377,160
2021-10-22,,5,1,,357,579
2021-10-23,,6,5,,277,159
2021-10-25,,0,0,,145,370
2021-10-26,,8,9,,134,180
2021-10-27,,6,7,,880,377
2021-10-28,,0,4,,280,149
2021-10-29,,0,2,,578,110
2021-10-30,,5,8,,258,440
2021-11-01,,*,*,,***,***
2021-11-02,,*,*,,***,***
2021-11-03,,*,*,,***,***
2021-11-04,,*,*,,***,***
2021-11-05,,*,*,,***,***
2021-11-06,,*,*,,***,***
2021-11-08,,*,*,,***,***
2021-11-09,,2,7,,246,890
2021-11-10,,7,4,,124,130
2021-11-11,,4,9,,356,199
2021-11-12,,3,8,,337,378
2021-11-13,,4,2,,158,156
2021-11-15,,8,7,,125,124
2021-11-16,,1,4,,236,167
2021-11-17,,2,5,,129,122
2021-11-18,,3,0,,148,578
2021-11-19,,6,4,,268,149
2021-11-20,,2,2,,679,660
2021-11-22,,4,5,,158,447
2021-11-23,,7,9,,179,289
2021-11-24,,9,0,,225,460
2021-11-25,,4,5,,590,690
2021-11-26,,4,3,,266,670
2021-11-27,,8,6,,459,880
2021-11-29,,1,2,,560,679
2021-11-30,,5,7,,780,179
2021-12-01,,8,3,,567,229
2021-12-02,,4,4,,112,158
2021-12-03,,3,8,,779,170
2021-12-04,,7,7,,179,278
2021-12-06,,6,1,,123,236
2021-12-07,,5,4,,140,167
2021-12-08,,5,0,,122,145
2021-12-09,,8,2,,468,390
2021-12-10,,9,1,,900,100
2021-12-11,,1,6,,146,880
2021-12-13,,6,1,,790,128
2021-12-14,,7,4,,133,257
2021-12-15,,7,4,,160,680
2021-12-16,,9,3,,667,580
2021-12-17,,6,7,,123,269
2021-12-18,,4,4,,356,446
2021-12-20,,7,0,,250,569
2021-12-21,,0,3,,460,689
2021-12-22,,6,2,,330,246
2021-12-23,,2,1,,589,335
2021-12-24,,6,4,,240,158
2021-12-25,,6,0,,899,190
2021-12-27,,5,5,,456,267
2021-12-28,,7,9,,700,234
2021-12-29,,5,3,,258,300
2021-12-30,,6,5,,178,159
2021-12-31,,2,9,,589,568
2022-01-01,,7,7,,269,566
2022-01-03,,8,9,,170,379
2022-01-04,,1,2,,236,679
2022-01-05,,2,7,,246,467
2022-01-06,,6,1,,240,245
2022-01-07,,4,1,,699,678
2022-01-08,,3,3,,120,157
2022-01-10,,4,9,,789,180
2022-01-11,,1,4,,489,680
2022-01-12,,6,5,,259,690
2022-01-13,,2,7,,570,467
2022-01-14,,9,3,,450,148
2022-01-15,,1,6,,560,556
2022-01-17,,5,7,,159,890
2022-01-18,,9,4,,360,158
2022-01-19,,4,2,,699,570
2022-01-20,,0,4,,569,400
2022-01-21,,1,6,,470,790
2022-01-22,,5,9,,456,388
2022-01-24,,1,0,,236,136
2022-01-25,,1,2,,669,156
2022-01-26,,*,*,,***,***
2022-01-27,,2,7,,138,359
2022-01-28,,7,6,,160,790
2022-01-29,,2,1,,660,344
2022-01-31,,9,0,,577,280
2022-02-01,,7,7,,359,458
2022-02-02,,5,8,,159,134
2022-02-03,,6,1,,240,119
2022-02-04,,0,2,,668,480
2022-02-05,,8,6,,260,240
2022-02-07,,4,7,,590,115
2022-02-08,,4,4,,158,257
2022-02-09,,0,8,,118,440
2022-02-10,,2,8,,390,125
2022-02-11,,8,1,,800,146
2022-02-12,,1,1,,128,245
2022-02-14,,7,5,,359,366
2022-02-15,,2,7,,345,179
2022-02-16,,4,0,,167,389
2022-02-17,,2,2,,156,336
2022-02-18,,6,4,,457,347
2022-02-19,,7,4,,890,590
2022-02-21,,7,3,,179,148
2022-02-22,,8,4,,224,130
2022-02-23,,3,7,,670,377
2022-02-24,,9,2,,450,390
2022-02-25,,3,1,,490,470
2022-02-26,,4,0,,149,569
2022-02-28,,7,8,,890,189
2022-03-01,,4,2,,455,390
2022-03-02,,3,9,,580,388
2022-03-03,,8,4,,288,680
2022-03-04,,6,8,,259,170
2022-03-05,,6,4,,240,158
2022-03-07,,7,9,,458,180
2022-03-08,,9,3,,126,445
2022-03-09,,4,2,,680,345
2022-03-10,,6,8,,466,459
2022-03-11,,2,1,,129,678
2022-03-12,,5,8,,447,170
2022-03-14,,3,1,,346,245
2022-03-15,,3,2,,157,679
2022-03-16,,0,9,,550,225
2022-03-17,,2,8,,570,170
2022-03-18,,*,*,,***,***
2022-03-19,,2,8,,778,134
2022-03-21,,7,1,,359,470
2022-03-22,,1,2,,380,660
2022-03-23,,0,6,,226,169
2022-03-24,,1,0,,489,127
2022-03-25,,4,6,,167,259
2022-03-26,,8,9,,440,360
2022-03-28,,0,4,,145,789
2022-03-29,,8,7,,134,458
2022-03-30,,5,2,,447,499
2022-03-31,,2,8,,129,567
2022-04-01,,3,2,,670,156
2022-04-02,,4,6,,220,169
2022-04-04,,0,4,,569,338
2022-04-05,,1,2,,560,200
2022-04-06,,2,9,,156,388
2022-04-07,,9,2,,289,345
2022-04-08,,6,7,,556,160
2022-04-09,,6,0,,899,569
2022-04-11,,8,5,,459,140
2022-04-12,,8,2,,468,156
2022-04-13,,7,5,,115,168
2022-04-14,,3,1,,580,399
2022-04-15,,1,7,,560,449
2022-04-16,,3,9,,148,234
2022-04-18,,4,4,,248,130
2022-04-19,,2,8,,255,567
2022-04-20,,2,6,,246,259
2022-04-21,,5,4,,366,239
2022-04-22,,4,3,,590,166
2022-04-23,,9,9,,388,289
2022-04-25,,4,8,,680,567
2022-04-26,,0,9,,569,126
2022-04-27,,2,0,,200,460
2022-04-28,,8,7,,170,188
2022-04-29,,8,6,,468,457
2022-04-30,,5,1,,177,678
2022-05-02,,8,7,,567,359
2022-05-03,,5,6,,366,367
2022-05-04,,1,3,,470,788
2022-05-05,,2,7,,246,557
2022-05-06,,4,9,,699,135
2022-05-07,,6,2,,169,129
2022-05-09,,5,4,,889,149
2022-05-10,,4,7,,590,133
2022-05-11,,*,*,,***,***
2022-05-12,,8,5,,189,267
2022-05-13,,1,4,,227,130
2022-05-14,,0,5,,136,140
2022-05-16,,5,9,,267,225
2022-05-17,,7,0,,124,488
2022-05-18,,2,7,,499,179
2022-05-19,,0,5,,127,357
2022-05-20,,8,1,,134,560
2022-05-21,,4,0,,167,136
2022-05-23,,1,9,,119,135
2022-05-24,,7,8,,124,459
2022-05-25,,9,1,,469,227
2022-05-26,,7,3,,115,490
2022-05-27,,1,1,,380,489
2022-05-28,,3,5,,346,159
2022-05-30,,8,8,,369,134
2022-05-31,,1,6,,245,169
2022-06-01,,6,0,,600,334
2022-06-02,,1,1,,470,137
2022-06-03,,5,2,,159,255
2022-06-04,,7,0,,179,280
2022-06-06,,2,4,,246,167
2022-06-07,,3,4,,788,149
2022-06-08,,2,1,,336,470
2022-06-09,,0,6,,226,169
2022-06-10,,4,3,,158,346
2022-06-11,,6,2,,178,200
2022-06-13,,9,8,,450,170
2022-06-14,,7,1,,359,119
2022-06-15,,5,5,,889,168
2022-06-16,,2,1,,688,560
2022-06-17,,4,2,,266,679
2022-06-18,,2,3,,129,670
2022-06-27,,2,4,,156,167
2022-06-28,,4,1,,266,560
2022-06-29,,5,0,,456,299
2022-06-30,,6,1,,123,236
2022-07-01,,0,4,,299,239
2022-07-02,,0,9,,389,144
2022-07-04,,8,2,,459,345
2022-07-05,,7,7,,340,467
2022-07-06,,8,3,,288,120
2022-07-07,,3,0,,157,244
2022-07-08,,1,1,,137,560
2022-07-09,,6,6,,178,330
2022-07-11,,5,0,,140,460
2022-07-12,,2,4,,345,257
2022-07-13,,6,5,,880,799
2022-07-14,,1,5,,399,456
2022-07-15,,6,2,,268,246
2022-07-16,,6,5,,330,500
2022-07-18,,2,8,,129,134
2022-07-19,,0,7,,334,179
2022-07-20,,7,7,,359,269
2022-07-21,,4,4,,158,338
2022-07-22,,2,6,,110,169
2022-07-23,,4,2,,590,345
2022-07-25,,0,5,,460,159
2022-07-26,,5,0,,799,569
2022-07-27,,8,2,,990,156
2022-07-28,,9,4,,450,446
2022-07-29,,7,7,,160,890
2022-07-30,,2,4,,480,455
2022-08-01,,0,5,,569,168
2022-08-02,,1,3,,146,157
2022-08-03,,1,6,,119,240
2022-08-04,,7,8,,449,189
2022-08-05,,8,3,,468,166
2022-08-06,,3,2,,157,499
2022-08-08,,7,5,,467,168
2022-08-09,,1,3,,245,247
2022-08-10,,1,8,,399,279
2022-08-11,,0,8,,479,990
2022-08-12,,5,5,,780,348
2022-08-13,,5,1,,177,100
2022-08-15,,*,*,,***,***
2022-08-16,,9,3,,135,148
2022-08-17,,5,3,,339,346
2022-08-18,,7,7,,368,223
2022-08-19,,3,6,,247,169
2022-08-20,,5,7,,113,467
2022-08-22,,8,1,,369,560
2022-08-23,,8,5,,350,500
2022-08-24,,2,5,,255,140
2022-08-25,,4,3,,680,247
2022-08-26,,4,7,,356,340
2022-08-27,,6,3,,150,670
2022-08-29,,9,2,,225,237
2022-08-30,,3,6,,120,240
2022-08-31,,1,7,,245,359
2022-09-01,,5,4,,249,112
2022-09-02,,8,0,,477,235
2022-09-03,,0,1,,136,236
2022-09-05,,2,4,,110,356
2022-09-06,,1,2,,669,129
2022-09-07,,4,9,,158,568
2022-09-08,,0,8,,578,125
2022-09-09,,7,3,,250,120
2022-09-10,,5,4,,357,220
2022-09-12,,1,7,,146,278
2022-09-13,,0,1,,488,678
2022-09-14,,5,0,,690,668
2022-09-15,,5,2,,267,570
2022-09-16,,4,9,,149,568
2022-09-17,,4,5,,770,500
2022-09-19,,8,4,,260,680
2022-09-20,,8,3,,567,670
2022-09-21,,6,1,,466,290
2022-09-22,,1,9,,560,379
2022-09-23,,1,3,,380,445
2022-09-24,,2,4,,147,112
2022-09-26,,3,0,,148,190
2022-09-27,,5,7,,249,160
2022-09-28,,7,5,,890,177
2022-09-29,,5,2,,889,480
2022-09-30,,0,3,,460,300
2022-10-01,,2,4,,570,356
2022-10-03,,3,3,,157,580
2022-10-04,,7,2,,458,336
2022-10-05,,2,0,,480,389
2022-10-06,,4,1,,220,489
2022-10-07,,9,2,,478,345
2022-10-08,,2,7,,200,700
2022-10-10,,4,4,,356,158
2022-10-11,,5,3,,168,139
2022-10-12,,6,5,,790,348
2022-10-13,,7,9,,566,135
2022-10-14,,0,4,,479,266
2022-10-15,,2,8,,480,369
2022-10-17,,1,6,,669,268
2022-10-18,,7,2,,124,156
2022-10-19,,9,5,,180,339
2022-10-20,,2,9,,480,360
2022-10-21,,8,0,,189,389
2022-10-22,,*,*,,***,***
2022-10-24,,*,*,,***,***
2022-10-25,,*,*,,***,***
2022-10-26,,*,*,,***,***
2022-10-27,,*,*,,***,***
2022-10-28,,*,*,,***,***
2022-10-29,,*,*,,***,***
2022-10-31,,9,6,,135,790
2022-11-01,,5,8,,780,260
2022-11-02,,3,3,,689,445
2022-11-03,,5,0,,159,460
2022-11-04,,1,6,,227,259
2022-11-05,,2,3,,138,580
2022-11-07,,1,4,,119,149
2022-11-08,,4,6,,248,259
2022-11-09,,8,5,,567,366
2022-11-10,,8,0,,459,145
2022-11-11,,6,0,,448,569
2022-11-12,,9,6,,360,600
2022-11-14,,5,8,,249,369
2022-11-15,,0,6,,190,240
2022-11-16,,3,4,,337,789
2022-11-17,,6,3,,114,779
2022-11-18,,2,1,,138,489
2022-11-19,,3,5,,599,267
2022-11-21,,4,4,,347,356
2022-11-22,,6,1,,268,669
2022-11-23,,0,1,,280,146
2022-11-24,,5,2,,230,246
2022-11-25,,1,6,,579,169
2022-11-26,,0,7,,334,458
2022-11-28,,4,3,,248,445
2022-11-29,,9,4,,135,257
2022-11-30,,0,7,,370,359
2022-12-01,,5,5,,447,230
2022-12-02,,8,0,,468,190
2022-12-03,,0,3,,235,599
2022-12-05,,1,2,,380,345
2022-12-06,,8,6,,567,367
2022-12-07,,0,3,,118,166
2022-12-08,,8,3,,125,157
2022-12-09,,2,7,,200,467
2022-12-10,,4,1,,680,335
2022-12-12,,7,2,,890,390
2022-12-13,,1,3,,119,445
2022-12-14,,2,8,,589,260
2022-12-15,,3,7,,689,179
2022-12-16,,0,9,,370,360
2022-12-17,,7,4,,449,590
2022-12-19,,0,8,,280,189
2022-12-20,,7,0,,250,226
2022-12-21,,2,3,,679,120
2022-12-22,,2,9,,688,568
2022-12-23,,1,6,,470,880
2022-12-24,,3,8,,337,369
2022-12-26,,8,5,,567,249
2022-12-27,,9,1,,234,100
2022-12-28,,1,2,,344,570
2022-12-29,,4,1,,220,245
2022-12-30,,9,8,,450,279
2022-12-31,,3,1,,148,100
2023-01-02,,9,8,,469,170
2023-01-03,,6,0,,150,280
2023-01-04,,6,4,,556,789
2023-01-05,,2,3,,156,779
2023-01-06,,4,3,,130,157
2023-01-07,,1,1,,560,380
2023-01-09,,7,4,,278,167
2023-01-10,,7,8,,700,134
2023-01-11,,9,8,,360,440
2023-01-12,,8,6,,233,240
2023-01-13,,0,1,,145,146
2023-01-14,,1,3,,000,490
2023-01-16,,2,2,,589,390
2023-01-17,,7,8,,179,350
2023-01-18,,8,9,,260,234
2023-01-19,,2,2,,660,156
2023-01-20,,0,4,,244,680
2023-01-21,,2,7,,345,377
2023-01-23,,7,5,,890,140
2023-01-24,,7,3,,340,490
2023-01-25,,1,9,,236,379
2023-01-26,,*,*,,***,***
2023-01-27,,9,1,,900,588
2023-01-28,,7,8,,359,134
2023-01-30,,4,0,,347,668
2023-01-31,,8,6,,459,330
2023-02-01,,1,1,,579,470
2023-02-02,,6,9,,240,469
2023-02-03,,8,4,,350,257
2023-02-04,,8,9,,378,180
2023-02-06,,3,7,,670,359
2023-02-07,,6,9,,169,135
2023-02-08,,1,0,,669,334
2023-02-09,,1,5,,245,168
2023-02-10,,5,7,,339,269
2023-02-11,,7,2,,359,129
2023-02-13,,8,6,,440,556
2023-02-14,,0,2,,460,570
2023-02-15,,5,2,,690,390
2023-02-16,,0,5,,578,230
2023-02-17,,1,3,,236,256
2023-02-18,,0,1,,334,560
2023-02-20,,4,5,,789,159
2023-02-21,,9,5,,469,357
2023-02-22,,4,6,,112,240
2023-02-23,,0,0,,280,136
2023-02-24,,2,1,,129,588
2023-02-25,,8,9,,125,135
2023-02-27,,9,2,,450,138
2023-02-28,,0,9,,668,270
2023-03-01,,6,4,,123,158
2023-03-02,,8,7,,189,269
2023-03-03,,1,2,,489,237
2023-03-04,,6,0,,114,145
2023-03-06,,1,5,,146,780
2023-03-07,,4,1,,356,560
2023-03-08,,*,*,,***,***
2023-03-09,,5,3,,690,337
2023-03-10,,1,0,,137,668
2023-03-11,,9,6,,379,349
2023-03-13,,3,2,,689,138
2023-03-14,,9,9,,900,135
2023-03-15,,5,0,,159,244
2023-03-16,,0,5,,479,249
2023-03-17,,2,3,,688,490
2023-03-18,,4,5,,158,690
2023-03-20,,1,2,,344,570
2023-03-21,,2,6,,156,169
2023-03-22,,5,3,,456,120
2023-03-23,,8,7,,990,467
2023-03-24,,3,4,,157,149
2023-03-25,,0,3,,578,166
2023-03-27,,2,7,,570,458
2023-03-28,,5,0,,177,370
2023-03-29,,9,3,,135,599
2023-03-30,,8,4,,567,158
2023-03-31,,8,1,,378,137
2023-04-01,,1,4,,669,356
2023-04-03,,3,9,,256,568
2023-04-04,,7,5,,340,113
2023-04-05,,0,0,,299,190
2023-04-06,,0,5,,145,168
2023-04-07,,4,0,,356,569
2023-04-08,,4,7,,680,359
2023-04-10,,8,3,,558,490
2023-04-11,,3,7,,120,340
2023-04-12,,4,0,,239,127
2023-04-13,,7,1,,449,155
2023-04-14,,1,6,,236,358
2023-04-15,,3,3,,247,346
2023-04-17,,6,5,,169,249
2023-04-18,,5,0,,168,334
2023-04-19,,1,2,,335,679
2023-04-20,,5,2,,159,345
2023-04-21,,0,1,,677,588
2023-04-22,,9,9,,270,360
2023-04-24,,4,5,,130,780
2023-04-25,,8,9,,350,180
2023-04-26,,4,3,,248,157
2023-04-27,,3,4,,670,347
2023-04-28,,9,7,,135,269
2023-04-29,,4,8,,789,134
2023-05-01,,8,0,,224,460
2023-05-02,,1,3,,227,148
2023-05-03,,3,3,,256,157
2023-05-04,,5,8,,230,440
2023-05-05,,1,7,,128,160
2023-05-06,,0,0,,299,668
2023-05-08,,3,3,,157,490
2023-05-09,,9,4,,469,699
2023-05-10,,2,0,,147,127
2023-05-11,,3,4,,139,149
2023-05-12,,0,1,,136,245
2023-05-13,,8,0,,440,479
2023-05-15,,9,7,,450,133
2023-05-16,,5,5,,249,456
2023-05-17,,7,1,,359,335
2023-05-18,,8,0,,233,578
2023-05-19,,2,2,,156,345
2023-05-20,,8,3,,990,346
2023-05-22,,4,1,,239,579
2023-05-23,,7,1,,359,290
2023-05-24,,2,2,,345,480
2023-05-25,,0,8,,479,990
2023-05-26,,1,5,,128,230
2023-05-27,,1,8,,489,369
2023-05-29,,3,5,,166,159
2023-05-30,,0,7,,136,269
2023-05-31,,2,1,,570,380
2023-06-01,,2,8,,390,189
2023-06-02,,0,4,,280,356
2023-06-03,,7,0,,160,677
2023-06-05,,9,9,,234,667
2023-06-06,,0,3,,460,157
2023-06-07,,9,7,,135,340
2023-06-08,,0,4,,244,789
2023-06-09,,4,2,,257,129
2023-06-10,,9,6,,117,466
2023-06-12,,1,6,,290,150
2023-06-13,,0,6,,235,349
2023-06-14,,9,4,,577,590
2023-06-15,,3,7,,247,557
2023-06-16,,0,2,,190,390
2023-06-17,,9,9,,144,126
2023-06-19,,4,2,,167,147
2023-06-20,,4,9,,680,469
2023-06-21,,6,0,,899,145
2023-06-22,,8,8,,260,567
2023-06-23,,6,1,,349,669
2023-06-24,,1,6,,128,123
2023-06-26,,1,3,,560,120
2023-06-27,,9,7,,360,115
2023-06-28,,4,2,,130,679
2023-06-29,,3,1,,238,489
2023-06-30,,3,1,,166,588
2023-07-01,,6,7,,358,368
2023-07-03,,0,8,,488,378
2023-07-04,,0,7,,370,250
2023-07-05,,6,0,,150,145
2023-07-06,,9,7,,270,160
2023-07-07,,1,9,,119,469
2023-07-08,,0,8,,334,260
2023-07-10,,9,0,,469,479
2023-07-11,,9,8,,568,134
2023-07-12,,4,6,,266,114
2023-07-13,,4,8,,248,260
2023-07-14,,2,5,,480,258
2023-07-15,,9,2,,360,147
2023-07-17,,3,5,,157,690
2023-07-18,,6,0,,268,145
2023-07-19,,5,1,,122,678
2023-07-20,,3,5,,490,500
2023-07-21,,5,9,,267,270
2023-07-22,,1,5,,380,230
2023-07-24,,8,7,,459,269
2023-07-25,,8,9,,134,360
2023-07-26,,1,6,,245,268
2023-07-27,,7,8,,124,125
2023-07-28,,6,3,,556,139
2023-07-29,,3,1,,229,236
2023-07-31,,2,8,,390,567
2023-08-01,,3,6,,580,259
2023-08-02,,8,9,,233,478
2023-08-03,,5,9,,456,289
2023-08-04,,9,4,,360,130
2023-08-05,,0,0,,370,370
2023-08-07,,4,8,,239,800
2023-08-08,,6,2,,268,246
2023-08-09,,8,7,,567,340
2023-08-10,,8,6,,233,178
2023-08-11,,7,3,,115,670
2023-08-12,,8,4,,990,789
2023-08-14,,0,2,,578,138
2023-08-15,,*,*,,***,***
2023-08-16,,3,0,,670,677
2023-08-17,,0,9,,550,126
2023-08-18,,4,9,,248,135
2023-08-19,,5,5,,690,780
2023-08-21,,7,2,,269,138
2023-08-22,,5,0,,447,136
2023-08-23,,6,4,,330,248
2023-08-24,,9,4,,469,130
2023-08-25,,8,1,,260,245
2023-08-26,,4,5,,446,230
2023-08-28,,3,4,,490,112
2023-08-29,,0,3,,460,256
2023-08-30,,3,2,,580,129
2023-08-31,,8,2,,990,228
2023-09-01,,5,7,,159,458
2023-09-02,,2,2,,110,390
2023-09-04,,4,1,,130,380
2023-09-05,,7,7,,133,250
2023-09-06,,4,9,,158,180
2023-09-07,,3,5,,689,168
2023-09-08,,2,3,,228,148
2023-09-09,,9,3,,234,580
2023-09-11,,0,7,,136,467
2023-09-12,,4,9,,167,199
2023-09-13,,9,9,,450,388
2023-09-14,,7,0,,467,479
2023-09-15,,1,5,,155,690
2023-09-16,,2,9,,246,234
2023-09-18,,0,7,,668,160
2023-09-19,,5,5,,140,339
2023-09-20,,5,1,,267,470
2023-09-21,,4,0,,400,190
2023-09-22,,1,7,,137,359
2023-09-23,,0,1,,550,579
2023-09-25,,9,7,,180,467
2023-09-26,,0,8,,244,288
2023-09-27,,0,5,,235,159
2023-09-28,,3,4,,238,112
2023-09-29,,5,0,,168,190
2023-09-30,,1,4,,146,248
2023-10-02,,7,9,,340,450
2023-10-03,,0,5,,118,168
2023-10-04,,8,4,,189,220
2023-10-05,,3,6,,120,169
2023-10-06,,1,7,,470,160
2023-10-07,,7,2,,133,156
2023-10-09,,3,6,,490,268
2023-10-10,,0,7,,479,179
2023-10-11,,8,2,,558,237
2023-10-12,,5,9,,267,568
2023-10-13,,9,0,,360,280
2023-10-14,,9,1,,234,560
2023-10-16,,5,4,,122,239
2023-10-17,,7,5,,890,113
2023-10-18,,8,6,,260,114
2023-10-19,,0,7,,479,359
2023-10-20,,1,8,,678,378
2023-10-21,,1,0,,137,127
2023-10-23,,0,4,,389,356
2023-10-24,,9,8,,360,116
2023-10-25,,3,5,,139,348
2023-10-26,,3,1,,238,137
2023-10-27,,2,3,,589,157
2023-10-28,,2,4,,110,257
2023-10-30,,0,7,,370,368
2023-10-31,,1,4,,128,150
2023-11-01,,4,1,,266,236
2023-11-02,,4,6,,239,150
2023-11-03,,2,2,,129,237
2023-11-04,,0,1,,136,344
2023-11-06,,1,2,,579,589
2023-11-07,,6,8,,600,378
2023-11-08,,0,8,,460,440
2023-11-09,,6,4,,790,338
2023-11-10,,*,*,,***,***
2023-11-11,,*,*,,***,***
2023-11-13,,*,*,,***,***
2023-11-14,,*,*,,***,***
2023-11-15,,*,*,,***,***
2023-11-16,,*,*,,***,***
2023-11-17,,*,*,,***,***
2023-11-18,,*,*,,***,***
2023-11-20,,0,6,,226,349
2023-11-21,,6,3,,123,148
2023-11-22,,1,1,,290,579
2023-11-23,,8,6,,459,240
2023-11-24,,4,1,,257,344
2023-11-25,,4,0,,167,677
2023-11-27,,0,9,,235,379
2023-11-28,,9,4,,234,347
2023-11-29,,6,6,,268,790
2023-11-30,,2,4,,138,158
2023-12-01,,9,7,,478,467
2023-12-02,,8,0,,189,226
2023-12-04,,3,3,,346,689
2023-12-05,,6,4,,178,149
2023-12-06,,1,6,,344,367
2023-12-07,,1,5,,245,456
2023-12-08,,9,1,,379,128
2023-12-09,,5,9,,177,180
2023-12-11,,4,6,,257,178
2023-12-12,,6,3,,169,337
2023-12-13,,3,9,,599,450
2023-12-14,,0,7,,569,124
2023-12-15,,4,8,,167,350
2023-12-16,,7,9,,250,568
2023-12-18,,9,7,,379,160
2023-12-19,,0,2,,127,778
2023-12-20,,9,4,,126,149
2023-12-21,,6,6,,358,150
2023-12-22,,2,7,,390,179
2023-12-23,,0,3,,118,356
2023-12-25,,1,4,,137,239
2023-12-26,,8,7,,189,115
2023-12-27,,5,9,,780,180
2023-12-28,,9,2,,900,390
2023-12-29,,7,5,,124,366
2023-12-30,,1,1,,137,335
2024-01-01,,2,3,,129,148
2024-01-02,,9,9,,135,126
2024-01-03,,7,0,,179,479
2024-01-04,,0,5,,389,339
2024-01-05,,2,1,,246,678
2024-01-06,,9,9,,135,000
2024-01-15,,1,6,,678,790
2024-01-16,,1,7,,489,188
2024-01-17,,7,0,,179,460
2024-01-18,,8,3,,134,580
2024-01-19,,4,0,,770,389
2024-01-20,,9,1,,360,380
2024-01-22,,6,3,,790,355
2024-01-23,,4,5,,680,140
2024-01-24,,6,2,,150,147
2024-01-25,,9,5,,900,168
2024-01-26,,*,*,,***,***
2024-01-27,,2,1,,570,344
2024-01-29,,3,3,,247,148
2024-01-30,,4,6,,680,268
2024-01-31,,4,4,,158,130
2024-02-01,,6,0,,457,479
2024-02-02,,0,2,,677,480
2024-02-03,,6,2,,268,246
2024-02-05,,9,6,,126,358
2024-02-06,,6,7,,448,890
2024-02-07,,8,8,,125,477
2024-02-08,,8,1,,369,380
2024-02-09,,0,2,,127,345
2024-02-10,,3,1,,355,128
2024-02-12,,4,4,,149,356
2024-02-13,,2,3,,679,148
2024-02-14,,4,7,,446,359
2024-02-15,,6,4,,457,455
2024-02-16,,3,1,,580,236
2024-02-17,,7,0,,368,668
2024-02-19,,0,8,,479,459
2024-02-20,,6,6,,259,240
2024-02-21,,7,8,,278,558
2024-02-22,,0,3,,145,599
2024-02-23,,9,3,,577,580
2024-02-24,,0,0,,127,569
2024-02-26,,9,3,,289,120
2024-02-27,,5,7,,500,368
2024-02-28,,1,9,,380,568
2024-02-29,,1,3,,588,256
2024-03-01,,9,6,,360,178
2024-03-02,,2,8,,570,224
2024-03-04,,3,4,,300,220
2024-03-05,,7,3,,269,247
2024-03-06,,2,3,,499,689
2024-03-07,,2,8,,246,369
2024-03-08,,4,1,,257,678
2024-03-09,,8,4,,369,239
2024-03-11,,7,1,,133,236
2024-03-12,,7,7,,340,557
2024-03-13,,2,8,,200,189
2024-03-14,,4,2,,149,679
2024-03-15,,7,6,,359,349
2024-03-16,,8,9,,800,450
2024-03-18,,9,5,,289,168
2024-03-19,,6,6,,123,114
2024-03-20,,6,1,,880,128
2024-03-21,,8,0,,260,190
2024-03-22,,0,5,,145,456
2024-03-23,,8,3,,116,256
2024-03-25,,*,*,,***,***
2024-03-26,,4,5,,590,140
2024-03-27,,5,8,,122,260
2024-03-28,,1,3,,669,166
2024-03-29,,1,0,,236,479
2024-03-30,,0,7,,190,890
2024-04-01,,4,1,,149,245
2024-04-02,,3,3,,689,300
2024-04-03,,0,9,,136,270
2024-04-04,,4,1,,680,146
2024-04-05,,0,3,,136,139
2024-04-06,,3,8,,166,288
2024-04-08,,9,9,,289,568
2024-04-09,,0,8,,460,189
2024-04-10,,3,7,,445,269
2024-04-11,,6,8,,349,369
2024-04-12,,8,1,,170,669
2024-04-13,,1,1,,146,227
2024-04-15,,6,3,,240,689
2024-04-16,,3,7,,300,179
2024-04-17,,8,2,,279,589
2024-04-18,,0,6,,127,457
2024-04-19,,1,5,,380,690
2024-04-20,,1,6,,155,169
2024-04-22,,7,5,,467,113
2024-04-23,,7,2,,449,570
2024-04-24,,5,3,,357,490
2024-04-25,,8,4,,125,680
2024-04-26,,0,5,,226,230
2024-04-27,,3,3,,229,670
2024-04-29,,5,6,,267,457
2024-04-30,,0,2,,136,679
2024-05-01,,8,8,,116,170
2024-05-02,,5,9,,357,126
2024-05-03,,2,2,,660,138
2024-05-04,,2,4,,336,347
2024-05-06,,1,2,,128,138
2024-05-07,,0,5,,389,140
2024-05-08,,1,4,,470,239
2024-05-09,,6,1,,448,146
2024-05-10,,8,0,,125,299
2024-05-11,,8,0,,189,578
2024-05-13,,1,9,,579,379
2024-05-14,,6,5,,330,348
2024-05-15,,4,0,,149,334
2024-05-16,,1,4,,489,167
2024-05-17,,6,7,,790,269
2024-05-18,,8,0,,477,389
2024-05-20,,1,6,,128,178
2024-05-21,,8,3,,189,238
2024-05-22,,7,1,,115,579
2024-05-23,,7,4,,340,590
2024-05-24,,8,4,,468,220
2024-05-25,,2,2,,110,156
2024-05-27,,1,5,,236,230
2024-05-28,,6,3,,790,670
2024-05-29,,9,7,,559,340
2024-05-30,,3,3,,580,247
2024-05-31,,9,5,,180,177
2024-06-01,,5,4,,122,347
2024-06-03,,3,1,,490,560
2024-06-04,,1,8,,579,440
2024-06-05,,2,2,,570,480
2024-06-06,,2,8,,246,260
2024-06-07,,8,7,,279,223
2024-06-08,,7,6,,700,150
2024-06-10,,3,0,,490,235
2024-06-11,,4,8,,680,260
2024-06-12,,5,1,,447,669
2024-06-13,,8,2,,459,110
2024-06-14,,1,5,,489,267
2024-06-15,,1,6,,669,169
2024-06-17,,7,1,,179,470
2024-06-18,,7,9,,250,180
2024-06-19,,5,5,,690,140
2024-06-20,,8,1,,260,489
2024-06-21,,8,3,,224,157
2024-06-22,,8,4,,800,167
2024-06-24,,3,3,,580,256
2024-06-25,,4,6,,158,448
2024-06-26,,6,4,,123,590
2024-06-27,,6,3,,240,247
2024-06-28,,0,8,,668,990
2024-06-29,,2,9,,480,270
2024-07-01,,1,9,,489,469
2024-07-02,,1,3,,236,139
2024-07-03,,2,9,,156,199
2024-07-04,,5,6,,780,123
2024-07-05,,7,5,,179,159
2024-07-06,,7,9,,557,478
2024-07-08,,6,8,,259,468
2024-07-09,,5,3,,113,238
2024-07-10,,5,7,,159,133
2024-07-11,,1,4,,588,248
2024-07-12,,8,1,,468,290
2024-07-13,,2,6,,480,457
2024-07-15,,3,0,,580,550
2024-07-16,,1,4,,579,590
2024-07-17,,5,4,,339,149
2024-07-18,,1,2,,489,156
2024-07-19,,4,0,,356,479
2024-07-20,,8,2,,233,570
2024-07-22,,7,0,,458,370
2024-07-23,,5,4,,348,590
2024-07-24,,8,5,,288,258
2024-07-25,,4,1,,158,678
2024-07-26,,7,4,,340,446
2024-07-27,,2,9,,570,469
2024-07-29,,6,3,,457,580
2024-07-30,,7,9,,250,469
2024-07-31,,8,8,,459,116
2024-08-01,,4,4,,770,149
2024-08-02,,0,2,,280,390
2024-08-03,,5,7,,339,368
2024-08-05,,2,6,,570,448
2024-08-06,,1,8,,380,350
2024-08-07,,8,9,,567,379
2024-08-08,,3,8,,300,468
2024-08-09,,0,7,,136,179
2024-08-10,,7,7,,377,359
2024-08-12,,1,0,,146,370
2024-08-13,,1,8,,579,378
2024-08-14,,0,4,,569,248
2024-08-15,,*,*,,***,***
2024-08-16,,0,1,,280,290
2024-08-17,,6,9,,466,577
2024-08-19,,4,0,,239,370
2024-08-20,,8,2,,369,345
2024-08-21,,0,5,,578,780
2024-08-22,,2,5,,147,159
2024-08-23,,8,6,,233,150
2024-08-24,,1,9,,380,126
2024-08-26,,1,1,,560,290
2024-08-27,,4,9,,257,180
2024-08-28,,9,7,,667,250
2024-08-29,,7,7,,359,160
2024-08-30,,6,4,,556,239
2024-08-31,,7,1,,250,678
2024-09-02,,6,9,,899,234
2024-09-03,,5,1,,348,100
2024-09-04,,6,1,,790,245
2024-09-05,,7,0,,188,550
2024-09-06,,9,1,,126,579
2024-09-07,,1,8,,344,350
2024-09-09,,5,9,,159,469
2024-09-10,,0,4,,677,158
2024-09-11,,4,1,,149,290
2024-09-12,,5,2,,456,688
2024-09-13,,8,8,,468,369
2024-09-14,,9,4,,289,266
2024-09-16,,4,2,,446,156
2024-09-17,,9,6,,379,790
2024-09-18,,5,1,,177,579
2024-09-19,,2,3,,589,445
2024-09-20,,0,9,,550,135
2024-09-21,,5,8,,140,260
2024-09-23,,6,9,,556,135
2024-09-24,,0,5,,280,267
2024-09-25,,0,5,,389,348
2024-09-26,,4,0,,257,136
2024-09-27,,6,1,,790,588
2024-09-28,,2,5,,110,357
2024-09-30,,9,1,,270,137
2024-10-01,,0,3,,136,580
2024-10-02,,8,2,,350,390
2024-10-03,,2,9,,660,559
2024-10-04,,3,7,,148,449
2024-10-05,,2,1,,688,489
2024-10-07,,8,1,,567,137
2024-10-08,,7,7,,340,458
2024-10-09,,1,0,,137,280
2024-10-10,,5,2,,140,390
2024-10-11,,1,0,,119,235
2024-10-12,,7,4,,359,789
2024-10-14,,4,2,,590,246
2024-10-15,,1,6,,344,330
2024-10-16,,9,9,,450,469
2024-10-17,,4,2,,680,570
2024-10-18,,5,1,,159,245
2024-10-19,,5,4,,780,167
2024-10-21,,6,2,,466,390
2024-10-22,,0,6,,280,123
2024-10-23,,3,0,,779,370
2024-10-24,,3,2,,238,570
2024-10-25,,8,0,,350,488
2024-10-26,,9,1,,270,380
2024-10-28,,*,*,,***,***
2024-10-29,,*,*,,***,***
2024-10-30,,*,*,,***,***
2024-10-31,,*,*,,***,***
2024-11-01,,*,*,,***,***
2024-11-02,,*,*,,***,***
2024-11-04,,*,*,,***,***
2024-11-05,,*,*,,***,***
2024-11-06,,7,9,,467,199
2024-11-07,,9,8,,450,459
2024-11-08,,7,3,,278,247
2024-11-09,,9,2,,469,237
2024-11-11,,0,6,,118,259
2024-11-12,,1,0,,579,280
2024-11-13,,7,4,,188,248
2024-11-14,,4,8,,789,134
2024-11-15,,6,6,,600,268
2024-11-16,,3,8,,157,468
2024-11-18,,4,3,,167,148
2024-11-19,,1,9,,579,450
2024-11-20,,7,8,,368,189
2024-11-21,,1,5,,335,140
2024-11-22,,9,3,,270,300
2024-11-23,,4,8,,400,189
2024-11-25,,7,7,,368,160
2024-11-26,,3,8,,580,459
2024-11-27,,3,2,,238,390
2024-11-28,,6,3,,358,346
2024-11-29,,2,4,,679,590
2024-11-30,,1,3,,380,300
2024-12-02,,0,5,,370,357
2024-12-03,,8,5,,990,267
2024-12-04,,4,4,,789,356
2024-12-05,,0,7,,479,557
2024-12-06,,6,0,,466,235
2024-12-07,,4,2,,680,345
2024-12-09,,9,1,,667,470
2024-12-10,,3,7,,120,377
2024-12-11,,3,1,,157,470
2024-12-12,,2,6,,138,150
2024-12-13,,2,5,,336,168
2024-12-14,,8,1,,134,146
2024-12-16,,1,0,,678,235
2024-12-17,,6,4,,123,130
2024-12-18,,1,0,,245,127
2024-12-19,,7,6,,124,240
2024-12-20,,9,2,,135,499
2024-12-21,,4,0,,266,127
2024-12-23,,6,6,,457,259
2024-12-24,,0,9,,235,144
2024-12-25,,9,4,,180,356
2024-12-26,,9,5,,360,177
2024-12-27,,9,0,,135,280
2024-12-28,,7,5,,269,500
2024-12-30,,1,1,,678,236
2024-12-31,,4,0,,770,569
2025-01-01,,5,2,,357,147
2025-01-02,,3,9,,490,559
2025-01-03,,1,0,,146,136
2025-01-04,,4,5,,220,456
2025-01-06,,5,9,,780,360
2025-01-07,,0,5,,136,168
2025-01-08,,1,4,,470,590
2025-01-09,,4,1,,257,588
2025-01-10,,3,5,,229,456
2025-01-11,,6,6,,457,358
2025-01-13,,1,9,,137,117
2025-01-14,,3,8,,139,369
2025-01-15,,2,9,,110,469
2025-01-16,,4,2,,248,390
2025-01-17,,7,8,,160,279
2025-01-18,,0,5,,569,799
2025-01-20,,3,9,,580,478
2025-01-21,,6,6,,556,466
2025-01-22,,6,4,,178,149
2025-01-23,,2,0,,570,190
2025-01-24,,8,6,,477,259
2025-01-25,,5,3,,339,580
2025-01-27,,6,3,,150,148
2025-01-28,,1,1,,137,669
2025-01-29,,5,0,,357,235
2025-01-30,,8,2,,189,200
2025-01-31,,8,2,,800,390
2025-02-01,,2,5,,129,690
2025-02-03,,6,3,,556,346
2025-02-04,,0,0,,127,190
2025-02-05,,1,4,,470,590
2025-02-06,,7,0,,340,578
2025-02-07,,9,1,,388,335
2025-02-08,,4,0,,158,370
2025-02-10,,8,7,,224,359
2025-02-11,,0,9,,235,469
2025-02-12,,5,4,,456,112
2025-02-13,,8,3,,558,670
2025-02-14,,5,1,,168,380
2025-02-15,,0,5,,569,177
2025-02-17,,6,7,,240,359
2025-02-18,,1,2,,146,156
2025-02-19,,8,7,,260,278
2025-02-20,,6,9,,277,126
2025-02-21,,8,7,,477,458
2025-02-22,,5,0,,258,668
2025-02-24,,6,5,,268,690
2025-02-25,,3,3,,256,148
2025-02-26,,5,0,,113,460
2025-02-27,,9,9,,135,270
2025-02-28,,7,5,,269,258
2025-03-01,,1,2,,380,246
2025-03-03,,5,2,,159,688
2025-03-04,,9,7,,117,368
2025-03-05,,3,5,,120,348
2025-03-06,,0,8,,488,350
2025-03-07,,4,6,,789,790
2025-03-08,,3,3,,337,247
2025-03-10,,8,3,,378,157
2025-03-11,,0,5,,334,177
2025-03-12,,2,2,,138,129
2025-03-13,,7,8,,368,477
2025-03-14,,*,*,,***,***
2025-03-15,,7,1,,359,489
2025-03-17,,6,5,,349,113
2025-03-18,,1,3,,119,355
2025-03-19,,2,9,,345,479
2025-03-20,,1,7,,137,124
2025-03-21,,9,8,,135,125
2025-03-22,,3,5,,120,780
2025-03-24,,9,6,,180,367
2025-03-25,,5,2,,357,110
2025-03-26,,9,0,,144,190
2025-03-27,,6,4,,349,149
2025-03-28,,5,1,,339,344
2025-03-29,,2,9,,570,135
2025-03-31,,4,0,,590,460
2025-04-01,,2,7,,345,890
2025-04-02,,1,5,,470,799
2025-04-03,,4,6,,770,466
2025-04-04,,9,9,,270,450
2025-04-05,,6,0,,169,460
2025-04-07,,7,3,,160,490
2025-04-08,,4,9,,167,117
2025-04-09,,3,3,,247,670
2025-04-10,,4,9,,356,379
2025-04-11,,8,3,,125,346
2025-04-12,,9,6,,199,240
2025-04-14,,0,5,,235,230
2025-04-15,,9,7,,469,340
2025-04-16,,0,2,,479,570
2025-04-17,,7,4,,467,167
2025-04-18,,4,0,,149,389
2025-04-19,,8,1,,990,678
2025-04-21,,3,7,,139,250
2025-04-22,,5,0,,339,127
2025-04-23,,0,8,,280,224
2025-04-24,,5,5,,258,177
2025-04-25,,3,1,,120,669
2025-04-26,,0,2,,460,237
2025-04-28,,9,6,,478,240
2025-04-29,,6,5,,169,249
2025-04-30,,3,2,,229,480
2025-05-01,,1,5,,470,690
2025-05-02,,3,3,,490,139
2025-05-03,,1,2,,669,246
2025-05-05,,3,0,,300,190
2025-05-06,,9,4,,180,248
2025-05-07,,5,2,,249,138
2025-05-08,,6,0,,448,280
2025-05-09,,1,6,,678,349
2025-05-10,,9,1,,117,560
2025-05-12,,8,0,,260,677
2025-05-13,,5,9,,799,117
2025-05-14,,3,7,,120,890
2025-05-15,,7,2,,566,000
2025-05-16,,3,4,,670,149
2025-05-17,,1,3,,290,337
2025-05-19,,9,0,,234,127
2025-05-20,,3,7,,238,160
2025-05-21,,5,0,,267,299
2025-05-22,,4,6,,266,240
2025-05-23,,5,0,,168,190
2025-05-24,,9,4,,144,446
2025-05-26,,4,0,,347,389
2025-05-27,,5,4,,249,680
2025-05-28,,9,5,,270,168
2025-05-29,,6,9,,240,450
2025-05-30,,6,6,,466,150
2025-05-31,,7,6,,890,899
2025-06-02,,1,4,,579,167
2025-06-03,,3,6,,247,169
2025-06-04,,1,7,,146,188
2025-06-05,,6,3,,259,238
2025-06-06,,4,1,,590,245
2025-06-07,,2,2,,570,688
2025-06-09,,0,7,,569,250
2025-06-10,,2,7,,110,160
2025-06-11,,1,8,,380,468
2025-06-12,,3,6,,670,880
2025-06-13,,7,8,,340,125
2025-06-14,,3,9,,166,450
2025-06-16,,2,0,,237,145
2025-06-17,,4,1,,248,678
2025-06-18,,0,8,,389,567
2025-06-19,,2,0,,499,145
2025-06-20,,9,8,,379,134
2025-06-21,,3,3,,120,148
2025-06-23,,4,1,,680,588
2025-06-24,,8,3,,134,670
2025-06-25,,3,7,,490,368
2025-06-26,,9,7,,450,250
2025-06-27,,9,1,,469,236
2025-06-28,,4,7,,257,278
2025-06-30,,4,0,,680,389
2025-07-01,,7,7,,458,160
2025-07-02,,2,3,,570,355
2025-07-03,,4,6,,112,150
2025-07-04,,3,0,,779,235
2025-07-05,,2,4,,688,149
2025-07-07,,2,0,,129,127
2025-07-08,,3,7,,580,278
2025-07-09,,9,5,,135,339
2025-07-10,,8,9,,279,270
2025-07-11,,1,2,,227,237
2025-07-12,,3,9,,300,360
2025-07-14,,4,5,,347,000
2025-07-15,,2,1,,345,146
2025-07-16,,3,2,,300,156
2025-07-17,,7,8,,124,477
2025-07-18,,5,1,,159,560
2025-07-19,,6,5,,349,780
2025-07-21,,7,4,,700,149
2025-07-22,,6,6,,150,358
2025-07-23,,2,8,,156,369
2025-07-24,,4,3,,770,670
2025-07-25,,3,9,,256,469
2025-07-26,,1,3,,470,355
2025-07-28,,8,7,,260,700
2025-07-29,,8,1,,468,146
2025-07-30,,7,7,,557,179
2025-07-31,,5,4,,168,680
2025-08-01,,2,0,,147,190
2025-08-02,,1,1,,579,128
2025-08-04,,3,5,,238,690
2025-08-05,,7,9,,557,900
2025-08-06,,8,2,,000,138
2025-08-07,,8,5,,468,456
2025-08-08,,6,2,,448,778
2025-08-09,,7,1,,340,100
2025-08-11,,9,0,,234,460
2025-08-12,,6,8,,169,440
2025-08-13,,9,5,,126,230
2025-08-14,,6,7,,330,467
2025-08-15,,*,*,,***,***
2025-08-16,,8,6,,134,268
2025-08-18,,0,8,,460,279
2025-08-19,,8,2,,170,129
2025-08-20,,6,5,,240,357
2025-08-21,,2,1,,147,380
2025-08-22,,4,3,,239,346
2025-08-23,,1,9,,579,289
2025-08-25,,8,4,,468,167
2025-08-26,,3,7,,166,179
2025-08-27,,0,5,,136,348
2025-08-28,,8,0,,224,334
2025-08-29,,1,1,,146,380
2025-08-30,,8,5,,134,690
2025-09-01,,9,4,,450,590
2025-09-02,,7,3,,250,229
2025-09-03,,7,4,,359,400
2025-09-04,,1,1,,155,678
2025-09-05,,1,4,,290,770
2025-09-06,,4,2,,130,570
2025-09-08,,2,9,,237,234
2025-09-09,,9,7,,450,340
2025-09-10,,1,9,,236,379
2025-09-11,,6,1,,330,146
2025-09-12,,9,8,,180,134
2025-09-13,,5,7,,456,458
2025-09-15,,2,6,,570,169
2025-09-16,,0,4,,136,257
2025-09-17,,1,0,,137,479
2025-09-18,,4,8,,356,224
2025-09-19,,5,6,,113,240
2025-09-20,,0,0,,370,334
2025-09-22,,6,7,,169,458
2025-09-23,,6,1,,240,678
2025-09-24,,7,3,,449,670
2025-09-25,,7,5,,133,357
2025-09-26,,4,1,,789,560
2025-09-27,,9,4,,568,130
2025-09-29,,8,3,,134,238
2025-09-30,,2,1,,778,128
2025-10-01,,2,3,,589,490
2025-10-02,,6,7,,169,124
2025-10-03,,7,0,,449,226
2025-10-04,,3,0,,670,190
2025-10-06,,6,6,,123,457
2025-10-07,,2,7,,156,890
2025-10-08,,0,6,,235,367
2025-10-09,,9,5,,270,690
2025-10-10,,6,7,,600,449
2025-10-11,,9,0,,225,460
2025-10-13,,0,8,,145,477
2025-10-14,,6,9,,349,360
2025-10-15,,0,6,,668,259
2025-10-16,,2,4,,480,257
2025-10-17,,7,1,,359,678
2025-10-18,,*,*,,***,***
2025-10-20,,*,*,,***,***
2025-10-21,,*,*,,***,***
2025-10-22,,*,*,,***,***
2025-10-23,,*,*,,***,***
2025-10-24,,*,*,,***,***
2025-10-25,,*,*,,***,***
2025-10-27,,8,1,,189,399
2025-10-28,,6,7,,367,250
2025-10-29,,0,5,,235,357
2025-10-30,,7,8,,223,125
2025-10-31,,2,2,,138,237
2025-11-01,,6,4,,899,130
2025-11-03,,4,4,,680,188
2025-11-04,,8,6,,558,123
2025-11-05,,2,2,,570,200
2025-11-06,,7,0,,368,235
2025-11-07,,0,9,,190,568
2025-11-08,,9,3,,135,337
2025-11-10,,0,8,,280,350
2025-11-11,,2,7,,129,115
2025-11-12,,2,2,,138,589
2025-11-13,,1,4,,119,590
2025-11-14,,6,3,,150,157
2025-11-15,,0,5,,479,230
2025-11-17,,3,4,,238,149
2025-11-18,,7,2,,449,480
2025-11-19,,2,6,,228,150
2025-11-20,,1,4,,245,248
2025-11-21,,9,7,,135,269
2025-11-22,,9,7,,379,557
2025-11-24,,2,0,,156,479
2025-11-25,,4,9,,770,180
2025-11-26,,2,7,,246,467
2025-11-27,,5,0,,348,136
2025-11-28,,2,0,,138,370
2025-11-29,,0,1,,190,560
2025-11-30,,0,6,,136,358
2025-12-01,,2,5,,570,799
2025-12-02,,8,0,,233,370
2025-12-03,,2,3,,345,256
2025-12-04,,0,1,,389,470
2025-12-05,,6,7,,880,368
2025-12-06,,7,5,,160,456
2025-12-08,,7,0,,179,479
2025-12-09,,2,9,,237,667
2025-12-10,,9,1,,117,290
2025-12-11,,5,7,,357,557
2025-12-12,,5,2,,177,156
2025-12-13,,1,7,,344,458
2025-12-15,,7,0,,179,000
2025-12-16,,6,8,,358,440
2025-12-17,,2,4,,660,590
2025-12-18,,3,1,,166,669
2025-12-19,,8,4,,350,455
2025-12-20,,7,7,,368,188
2025-12-22,,7,5,,000,780
2025-12-23,,4,4,,680,248
2025-12-24,,1,6,,489,259
2025-12-25,,9,2,,234,237
2025-12-26,,6,0,,899,578
2025-12-27,,6,9,,457,469
2026-01-05,,9,9,,126,360
2026-01-06,,7,9,,368,270
2026-01-07,,4,8,,239,378
2026-01-08,,0,0,,479,578
2026-01-09,,6,4,,367,130
2026-01-10,,2,0,,237,299
2026-01-12,,9,4,,234,789
2026-01-13,,8,7,,233,124
2026-01-14,,2,6,,390,349
2026-01-15,,8,8,,459,224
2026-01-16,,4,7,,356,188
2026-01-17,,0,8,,136,378
2026-01-19,,6,0,,114,389
2026-01-20,,9,8,,469,990
2026-01-21,,8,2,,125,499
2026-01-22,,2,3,,570,580
2026-01-23,,0,1,,118,380
2026-01-24,,5,8,,357,378
2026-01-26,,*,*,,***,***
2026-01-27,,9,9,,117,450
2026-01-28,,8,1,,279,380
2026-01-29,,1,3,,335,238
2026-01-30,,5,5,,799,230
2026-01-31,,1,2,,146,480
2026-02-02,,0,0,,668,460
2026-02-03,,1,5,,119,168
2026-02-04,,8,4,,170,130
2026-02-05,,4,0,,130,460
2026-02-06,,5,9,,456,478
2026-02-07,,4,3,,446,157
2026-02-09,,9,5,,450,140
2026-02-10,,5,7,,500,223
2026-02-11,,9,2,,478,237
2026-02-12,,7,5,,278,447
2026-02-13,,0,3,,460,157
2026-02-14,,8,2,,440,246
2026-02-16,,7,9,,160,360
2026-02-17,,4,4,,455,680
2026-02-18,,6,0,,169,460
2026-02-19,,0,1,,370,399
2026-02-20,,1,9,,146,126
2026-02-21,,3,0,,670,488
2026-02-23,,1,4,,380,347
2026-02-24,,6,0,,556,145
2026-02-25,,5,3,,267,229
2026-02-26,,1,0,,560,280
2026-02-27,,0,1,,668,290
2026-02-28,,4,8,,789,567
2026-03-02,,3,8,,670,170
2026-03-03,,6,1,,277,560
2026-03-04,,*,*,,***,***
2026-03-05,,1,7,,489,269
2026-03-06,,5,7,,889,377
2026-03-07,,5,3,,690,120
2026-03-16,,4,2,,356,570
2026-03-17,,5,1,,500,245
2026-03-18,,2,8,,480,350
2026-03-19,,9,2,,135,138
2026-03-20,,7,3,,278,670
2026-03-21,,7,3,,133,779
2026-03-23,,2,4,,480,347
2026-03-24,,7,1,,269,155
2026-03-25,,5,0,,168,190
2026-03-26,,5,1,,113,470
2026-03-27,,0,1,,550,579
2026-03-28,,1,2,,290,390
2026-03-30,,8,6,,134,448
2026-03-31,,5,4,,889,338
2026-04-01,,8,2,,350,570
2026-04-02,,6,7,,169,890
2026-04-03,,3,2,,157,688
2026-04-04,,5,9,,113,126
2026-04-06,,7,1,,250,678
2026-04-07,,2,7,,570,179
2026-04-08,,9,3,,117,337
2026-04-09,,9,5,,135,690
2026-04-10,,7,9,,557,360
2026-04-11,,9,8,,450,567
2026-04-13,,0,2,,479,480
2026-04-14,,6,6,,556,880
2026-04-15,,6,8,,790,378
2026-04-16,,9,0,,180,190
2026-04-17,,8,8,,134,477
2026-04-18,,7,3,,890,166
2026-04-20,,9,1,,559,579
2026-04-21,,2,7,,345,368
2026-04-22,,5,6,,690,367
2026-04-23,,5,0,,780,235
2026-04-24,,0,6,,127,600
2026-04-25,,7,8,,269,125
2026-04-27,,5,1,,447,344
2026-04-28,,9,0,,234,569
2026-04-29,,5,7,,889,449
2026-04-30,,9,5,,478,780
2026-05-01,,4,1,,590,470
2026-05-02,,2,0,,237,389
2026-05-04,,9,3,,199,247
2026-05-05,,9,2,,450,480
2026-05-06,,0,6,,460,448
2026-05-07,,6,6,,899,240
2026-05-08,,6,8,,790,440
2026-05-09,,1,4,,128,356
2026-05-11,,7,2,,458,228
2026-05-12,,5,0,,249,578
2026-05-13,,5,2,,357,138
2026-05-14,,6,9,,349,379
2026-05-15,,8,1,,350,380
2026-05-16,,0,5,,190,357
2026-05-18,,0,0,,145,136
2026-05-19,,7,9,,890,900
2026-05-20,,4,1,,699,380
2026-05-21,,6,5,,600,258
2026-05-22,,7,2,,160,390
2026-05-23,,5,4,,140,149
2026-05-25,,6,1,,178,560
2026-05-26,,3,1,,670,489
2026-05-27,,4,8,,770,170
2026-05-28,,4,5,,590,159
2026-05-29,,1,7,,579,340
2026-05-30,,2,0,,499,668
2026-06-01,,6,9,,259,270
2026-06-02,,1,0,,236,280
2026-06-03,,1,6,,155,178
2026-06-04,,5,1,,230,470
2026-06-05,,3,4,,599,167
2026-06-06,,8,2,,369,778
2026-06-08,,3,6,,580,169
2026-06-09,,7,0,,467,460
2026-06-10,,8,6,,224,330
2026-06-11,,8,1,,125,146
2026-06-12,,1,3,,100,120
2026-06-13,,1,5,,290,113
2026-06-15,,6,9,,349,126
2026-06-16,,5,5,,159,780
2026-06-17,,6,7,,169,700
2026-06-18,,9,9,,199,469
2026-06-19,,4,4,,167,257
2026-06-20,,6,2,,277,246
2026-06-22,,2,7,,129,890
2026-06-23,,2,5,,390,456
2026-06-24,,0,0,,190,370
2026-06-25,,9,5,,289,500
2026-06-26,,6,4,,150,680
2026-06-27,,5,0,,447,235
2026-06-29,,6,6,,349,358
2026-06-30,,2,0,,688,280
2026-07-01,,4,2,,590,589
2026-07-02,,2,5,,679,357
2026-07-03,,1,0,,245,389
2026-07-04,,1,2,,489,570
2026-07-06,,5,9,,113,135
2026-07-07,,1,4,,100,455
2026-07-08,,2,6,,138,448
2026-07-09,,3,7,,689,340
2026-07-10,,0,6,,370,123
2026-07-11,,6,3,,880,300
2026-07-13,,8,8,,369,378
2026-07-14,,0,7,,370,133
2026-07-15,,0,8,,460,260
2026-07-16,,7,5,,467,177
2026-07-17,,9,8,,900,279
2026-07-18,,7,0,,250,127
2026-07-20,,0,4,,136,680
2026-07-21,,0,4,,118,400
2026-07-22,,2,8,,390,170
2026-07-23,,0,3,,145,445